image,target,prediction,error
cropped_images/images_crop_align_mtcnn/female/caucasian/tamara-bellis-JTtWu85K9So-unsplash.jpg,7.892857074737549,9.134635925292969,1.24177885055542
cropped_images/images_crop_align_mtcnn/female/caucasian/logan-weaver-Isle-8YpbIQ-unsplash.jpg,6.659999847412109,8.84283447265625,2.1828346252441406
cropped_images/images_crop_align_mtcnn/female/caucasian/girl-237871_1920.jpg,7.037036895751953,8.750947952270508,1.7139110565185547
cropped_images/images_crop_align_mtcnn/female/asian/anthony-tran-6s3L8El33QE-unsplash.jpg,7.684210300445557,8.541191101074219,0.8569808006286621
cropped_images/images_crop_align_mtcnn/female/asian/anthony-tran-RG9Z5CtnlUQ-unsplash.jpg,8.5,8.260235786437988,-0.23976421356201172
cropped_images/images_crop_align_mtcnn/female/caucasian/sheri-hooley-gcyPLFzmcSA-unsplash.jpg,6.857142925262451,8.247896194458008,1.3907532691955566
cropped_images/images_crop_align_mtcnn/female/indian/woman-5910803_1920.jpg,7.125,8.246612548828125,1.121612548828125
cropped_images/images_crop_align_mtcnn/female/caucasian/pexels-ali-pazani-2878375.jpg,7.666666507720947,8.23693561553955,0.5702691078186035
cropped_images/images_crop_align_mtcnn/female/asian/fashion-4257899_1920.jpg,7.8275861740112305,8.22718620300293,0.3996000289916992
cropped_images/images_crop_align_mtcnn/female/hispanic/matthew-reyes-Zh9KXMPIcVk-unsplash.jpg,6.407407283782959,8.221969604492188,1.8145623207092285
cropped_images/images_crop_align_mtcnn/female/indian/bride-5170727_1920.jpg,7.375,8.21186637878418,0.8368663787841797
cropped_images/images_crop_align_mtcnn/female/caucasian/joao-paulo-de-souza-oliveira-x-FNmzxyQ94-unsplash.jpg,8.259259223937988,8.208581924438477,-0.05067729949951172
cropped_images/images_crop_align_mtcnn/female/caucasian/irina-iriser-T9_NHo5d0pc-unsplash.jpg,7.346153736114502,8.157148361206055,0.8109946250915527
cropped_images/images_crop_align_mtcnn/female/caucasian/andriyko-podilnyk-KyQxMKaPTM0-unsplash.jpg,6.345678806304932,8.134697914123535,1.7890191078186035
cropped_images/images_crop_align_mtcnn/female/hispanic/shahin-khalaji-NdGrKgLVbIA-unsplash.jpg,7.0,8.111398696899414,1.111398696899414
cropped_images/images_crop_align_mtcnn/female/caucasian/girl-3718537_1920.jpg,7.615384578704834,8.101859092712402,0.48647451400756836
cropped_images/images_crop_align_mtcnn/female/hispanic/francesca-zama-1fhl_kmbfAE-unsplash.jpg,9.222222328186035,8.039989471435547,-1.1822328567504883
cropped_images/images_crop_align_mtcnn/female/caucasian/girl-4212523_1920.jpg,5.86904764175415,8.028291702270508,2.1592440605163574
cropped_images/images_crop_align_mtcnn/female/asian/portrait-4202918_1920.jpg,6.557692527770996,7.968018531799316,1.4103260040283203
cropped_images/images_crop_align_mtcnn/female/caucasian/amir-taheri-kQdhNGTVa3A-unsplash.jpg,8.315789222717285,7.954308032989502,-0.3614811897277832
cropped_images/images_crop_align_mtcnn/female/caucasian/woman-918776_1920.jpg,7.379310131072998,7.928211212158203,0.5489010810852051
cropped_images/images_crop_align_mtcnn/female/caucasian/beautiful-2819394_1920.jpg,6.0,7.919371128082275,1.9193711280822754
cropped_images/images_crop_align_mtcnn/female/asian/asian-2111681_1920.jpg,8.199999809265137,7.8972272872924805,-0.30277252197265625
cropped_images/images_crop_align_mtcnn/female/asian/huu-chung-dang-lP02hkcp7H0-unsplash.jpg,8.625,7.874021053314209,-0.750978946685791
cropped_images/images_crop_align_mtcnn/female/indian/huu-chung-dang-lP02hkcp7H0-unsplash.jpg,8.625,7.874021053314209,-0.750978946685791
cropped_images/images_crop_align_mtcnn/female/caucasian/pexels-ali-pazani-2811089.jpg,8.625,7.845144271850586,-0.7798557281494141
cropped_images/images_crop_align_mtcnn/female/asian/pexels-cottonbro-3419647.jpg,6.0,7.832208156585693,1.8322081565856934
cropped_images/images_crop_align_mtcnn/female/caucasian/woman-2138461_1920.jpg,6.603448390960693,7.827198028564453,1.2237496376037598
cropped_images/images_crop_align_mtcnn/female/caucasian/pexels-ali-pazani-2787341.jpg,8.44444465637207,7.822409629821777,-0.622035026550293
cropped_images/images_crop_align_mtcnn/female/caucasian/actress-1893312_1920.jpg,7.241379261016846,7.813594818115234,0.5722155570983887
cropped_images/images_crop_align_mtcnn/female/caucasian/anastasiya-pavlova-tPD0S5mLkgI-unsplash.jpg,7.407407283782959,7.798504829406738,0.3910975456237793
cropped_images/images_crop_align_mtcnn/female/indian/pexels-devil-imran-6414067.jpg,6.333333492279053,7.785573959350586,1.4522404670715332
cropped_images/images_crop_align_mtcnn/female/caucasian/girl-2522405_1920.jpg,7.5333333015441895,7.7584404945373535,0.22510719299316406
cropped_images/images_crop_align_mtcnn/female/caucasian/beautiful-young-woman-635271_1920.jpg,6.464285850524902,7.758145332336426,1.2938594818115234
cropped_images/images_crop_align_mtcnn/female/caucasian/girl-797078_1920.jpg,6.241379261016846,7.755300998687744,1.5139217376708984
cropped_images/images_crop_align_mtcnn/female/caucasian/woman-3096734_1920.jpg,7.61904764175415,7.740979194641113,0.12193155288696289
cropped_images/images_crop_align_mtcnn/female/caucasian/beautiful-1867092_1920.jpg,7.518518447875977,7.721158981323242,0.20264053344726562
cropped_images/images_crop_align_mtcnn/female/hispanic/hussein-sorkheveis-ACIknRqDnBQ-unsplash.jpg,7.904761791229248,7.71307373046875,-0.19168806076049805
cropped_images/images_crop_align_mtcnn/female/caucasian/woman-751236_1920.jpg,8.259259223937988,7.695228576660156,-0.564030647277832
cropped_images/images_crop_align_mtcnn/female/hispanic/red-4886345_1920.jpg,7.6964287757873535,7.693190574645996,-0.003238201141357422
cropped_images/images_crop_align_mtcnn/male/caucasian/hashim-hadi-XLvLGDu_5wE-unsplash.jpg,5.893162250518799,7.683901309967041,1.7907390594482422
cropped_images/images_crop_align_mtcnn/female/caucasian/girl-3277529_1920.jpg,6.344827651977539,7.679972171783447,1.3351445198059082
cropped_images/images_crop_align_mtcnn/female/asian/pexels-shahi-zidan-2692577.jpg,6.44444465637207,7.675471782684326,1.2310271263122559
cropped_images/images_crop_align_mtcnn/female/asian/hhh13-gMC5TecfnD4-unsplash.jpg,7.818181991577148,7.673830509185791,-0.14435148239135742
cropped_images/images_crop_align_mtcnn/female/caucasian/portrait-487067_1920.jpg,7.55555534362793,7.65571403503418,0.10015869140625
cropped_images/images_crop_align_mtcnn/female/caucasian/patrik-velich-OSasjoYvdNc-unsplash.jpg,7.25,7.653277397155762,0.4032773971557617
cropped_images/images_crop_align_mtcnn/female/caucasian/christiana-rivers-O_XIvDy0pcs-unsplash.jpg,6.642857074737549,7.634743690490723,0.9918866157531738
cropped_images/images_crop_align_mtcnn/female/caucasian/laura-chouette-qaRaOPQbZhI-unsplash.jpg,7.349999904632568,7.591111183166504,0.24111127853393555
cropped_images/images_crop_align_mtcnn/female/indian/indian-4190972_1920.jpg,7.222222328186035,7.571856498718262,0.34963417053222656
cropped_images/images_crop_align_mtcnn/female/hispanic/girl-4818720_1920.jpg,7.0,7.563464164733887,0.5634641647338867
cropped_images/images_crop_align_mtcnn/male/asian/billow-926-7j50lTjDc9o-unsplash.jpg,6.297348499298096,7.5500264167785645,1.2526779174804688
cropped_images/images_crop_align_mtcnn/female/black/woman-3144280_1920.jpg,7.67307710647583,7.528969764709473,-0.14410734176635742
cropped_images/images_crop_align_mtcnn/male/caucasian/111.jpg,5.747863292694092,7.525829315185547,1.777966022491455
cropped_images/images_crop_align_mtcnn/female/caucasian/fashion-1846490_1920.jpg,8.178571701049805,7.523260116577148,-0.6553115844726562
cropped_images/images_crop_align_mtcnn/female/asian/girl-1741925_1920.jpg,6.153846263885498,7.50163459777832,1.3477883338928223
cropped_images/images_crop_align_mtcnn/female/caucasian/jeffery-erhunse-Z9lbmEjyYjU-unsplash.jpg,7.320000171661377,7.494304656982422,0.17430448532104492
cropped_images/images_crop_align_mtcnn/male/hispanic/salar-arif-4CWNGHc-luo-unsplash.jpg,6.159999847412109,7.488018035888672,1.3280181884765625
cropped_images/images_crop_align_mtcnn/female/asian/girl-3738843_1920.jpg,6.4666666984558105,7.485307216644287,1.0186405181884766
cropped_images/images_crop_align_mtcnn/male/caucasian/black-2178681_1920.jpg,3.8366665840148926,7.468384742736816,3.631718158721924
cropped_images/images_crop_align_mtcnn/female/black/clarke-sanders-e_W1qouapG8-unsplash.jpg,4.121794700622559,7.426566123962402,3.3047714233398438
cropped_images/images_crop_align_mtcnn/female/hispanic/omar-lopez-auEe5lKHZCw-unsplash.jpg,7.206896781921387,7.423624038696289,0.21672725677490234
cropped_images/images_crop_align_mtcnn/female/asian/pexels-maria-orlova-4946391.jpg,8.0,7.421859264373779,-0.5781407356262207
cropped_images/images_crop_align_mtcnn/female/asian/jeswin-thomas-rnjwbDDQUHk-unsplash.jpg,6.210526466369629,7.409261703491211,1.198735237121582
cropped_images/images_crop_align_mtcnn/female/caucasian/steven-aguilar-GTld8AoIfbE-unsplash.jpg,6.206896781921387,7.394970417022705,1.1880736351013184
cropped_images/images_crop_align_mtcnn/female/black/pexels-rebrand-cities-1367270.jpg,7.55555534362793,7.377226829528809,-0.1783285140991211
cropped_images/images_crop_align_mtcnn/female/caucasian/matheus-ferrero-LIaLQ2SIQuk-unsplash.jpg,6.653846263885498,7.365625858306885,0.7117795944213867
cropped_images/images_crop_align_mtcnn/female/asian/51.jpg,7.952381134033203,7.365323543548584,-0.5870575904846191
cropped_images/images_crop_align_mtcnn/female/caucasian/kisses-1039533_1920.jpg,6.529411792755127,7.36323356628418,0.8338217735290527
cropped_images/images_crop_align_mtcnn/female/caucasian/pexels-mbardo-5293989.jpg,8.0,7.3535261154174805,-0.6464738845825195
cropped_images/images_crop_align_mtcnn/female/caucasian/bradley-dunn-Hy879rKHhbc-unsplash.jpg,6.222222328186035,7.347358703613281,1.125136375427246
cropped_images/images_crop_align_mtcnn/female/caucasian/daniel-spase-s4bml9X2lVs-unsplash.jpg,7.666666507720947,7.327907562255859,-0.3387589454650879
cropped_images/images_crop_align_mtcnn/female/caucasian/girl-1848910_1920.jpg,7.384615421295166,7.318840980529785,-0.06577444076538086
cropped_images/images_crop_align_mtcnn/female/caucasian/carlos-augusto-qmsP-aRLWsc-unsplash.jpg,8.300000190734863,7.302213191986084,-0.9977869987487793
cropped_images/images_crop_align_mtcnn/female/caucasian/pretty-2111498_1920.jpg,8.333333015441895,7.298652172088623,-1.0346808433532715
cropped_images/images_crop_align_mtcnn/male/caucasian/fabio-henning-m6A7X_C8Jq4-unsplash.jpg,5.900000095367432,7.291582107543945,1.3915820121765137
cropped_images/images_crop_align_mtcnn/female/caucasian/woman-2127806_1920.jpg,5.766666889190674,7.291507720947266,1.5248408317565918
cropped_images/images_crop_align_mtcnn/female/caucasian/girl-1125322_1920.jpg,5.344827651977539,7.288701057434082,1.943873405456543
cropped_images/images_crop_align_mtcnn/male/caucasian/guy-1266366_1920.jpg,5.760964870452881,7.284521102905273,1.5235562324523926
cropped_images/images_crop_align_mtcnn/female/caucasian/red-dress-5071171_1920.jpg,5.931034564971924,7.257047653198242,1.3260130882263184
cropped_images/images_crop_align_mtcnn/female/indian/sergio-souza-jzXgkWDL2YM-unsplash.jpg,7.666666507720947,7.256898880004883,-0.40976762771606445
cropped_images/images_crop_align_mtcnn/female/caucasian/karsten-winegeart-s2MjR3xoJkE-unsplash.jpg,6.925000190734863,7.255792617797852,0.3307924270629883
cropped_images/images_crop_align_mtcnn/female/asian/girl-4618070_1920.jpg,7.32692289352417,7.238945960998535,-0.08797693252563477
cropped_images/images_crop_align_mtcnn/female/caucasian/woman-467708_1920.jpg,6.653846263885498,7.232365608215332,0.578519344329834
cropped_images/images_crop_align_mtcnn/male/caucasian/beard-4136705_1920.jpg,4.574999809265137,7.223746299743652,2.6487464904785156
cropped_images/images_crop_align_mtcnn/female/caucasian/sara-cervera-ZqU-9gWBfV8-unsplash.jpg,6.814815044403076,7.221445083618164,0.4066300392150879
cropped_images/images_crop_align_mtcnn/female/hispanic/egyptian-girl-4194413_1920.jpg,7.40350866317749,7.213467597961426,-0.19004106521606445
cropped_images/images_crop_align_mtcnn/female/asian/japan-1432871_1920.jpg,6.142857074737549,7.2119460105896,1.0690889358520508
cropped_images/images_crop_align_mtcnn/female/caucasian/jen-theodore-7A4TvZEW8zY-unsplash.jpg,6.655172348022461,7.196197986602783,0.5410256385803223
cropped_images/images_crop_align_mtcnn/female/caucasian/freestocks-9UVmlIb0wJU-unsplash.jpg,7.862069129943848,7.190352439880371,-0.6717166900634766
cropped_images/images_crop_align_mtcnn/female/hispanic/martin-lopez-mQVryuQEG_Y-unsplash.jpg,7.342105388641357,7.189971446990967,-0.15213394165039062
cropped_images/images_crop_align_mtcnn/female/caucasian/jon-ly-ADBOC3UP4eQ-unsplash.jpg,7.4666666984558105,7.184806823730469,-0.2818598747253418
cropped_images/images_crop_align_mtcnn/female/hispanic/beautiful-1274056_1920.jpg,8.115385055541992,7.183752059936523,-0.9316329956054688
cropped_images/images_crop_align_mtcnn/female/caucasian/girl-868785_1920.jpg,6.215277671813965,7.179769515991211,0.9644918441772461
cropped_images/images_crop_align_mtcnn/female/asian/women-4445664_1920.jpg,7.356321811676025,7.163527011871338,-0.1927947998046875
cropped_images/images_crop_align_mtcnn/female/caucasian/beautiful-2114449_1920.jpg,6.099999904632568,7.141955375671387,1.0419554710388184
cropped_images/images_crop_align_mtcnn/female/black/dario-didon-Zqx1BVQBGII-unsplash.jpg,7.083333492279053,7.1404242515563965,0.05709075927734375
cropped_images/images_crop_align_mtcnn/female/hispanic/mateus-campos-felipe-csdVYOLOqls-unsplash.jpg,5.916666507720947,7.138764381408691,1.2220978736877441
cropped_images/images_crop_align_mtcnn/female/asian/pexels-min-an-732425.jpg,7.5,7.129406929016113,-0.3705930709838867
cropped_images/images_crop_align_mtcnn/female/caucasian/fashion-3059143_1920.jpg,7.192307472229004,7.128401756286621,-0.06390571594238281
cropped_images/images_crop_align_mtcnn/female/caucasian/isi-parente-0FjPiX4szEk-unsplash.jpg,7.166666507720947,7.119858264923096,-0.04680824279785156
cropped_images/images_crop_align_mtcnn/female/caucasian/pexels-skyler-ewing-4680663.jpg,6.333333492279053,7.118808746337891,0.7854752540588379
cropped_images/images_crop_align_mtcnn/female/indian/gleb-lukomets-R9tTeq4rV5U-unsplash.jpg,7.0,7.104727745056152,0.10472774505615234
cropped_images/images_crop_align_mtcnn/female/black/gustavo-lanes-ZaL84ooeZpk-unsplash.jpg,6.888888835906982,7.104625701904297,0.21573686599731445
cropped_images/images_crop_align_mtcnn/female/black/pieter-benjamin-nijs-lb8gB8jnKDA-unsplash.jpg,6.583333492279053,7.09217643737793,0.508842945098877
cropped_images/images_crop_align_mtcnn/female/hispanic/matteo-minoglio-jjveuyKSv0g-unsplash.jpg,6.346153736114502,7.0880818367004395,0.7419281005859375
cropped_images/images_crop_align_mtcnn/female/hispanic/woman-2773007_1920.jpg,7.44444465637207,7.08736515045166,-0.35707950592041016
cropped_images/images_crop_align_mtcnn/female/caucasian/artem-ivanchencko-M9-VgKDrhDA-unsplash.jpg,6.416666507720947,7.083946228027344,0.6672797203063965
cropped_images/images_crop_align_mtcnn/female/caucasian/manny-moreno-Ri_Al1VqjsU-unsplash.jpg,7.763157844543457,7.082183837890625,-0.680974006652832
cropped_images/images_crop_align_mtcnn/female/caucasian/fabio-alves-PE1IpWTeKfQ-unsplash.jpg,6.809523582458496,7.07453727722168,0.2650136947631836
cropped_images/images_crop_align_mtcnn/male/hispanic/black-and-white-1282264_1920.jpg,6.894444465637207,7.062189102172852,0.16774463653564453
cropped_images/images_crop_align_mtcnn/female/asian/girl-1733349_1920.jpg,7.5,7.058440685272217,-0.4415593147277832
cropped_images/images_crop_align_mtcnn/female/caucasian/girl-919048_1920.jpg,7.125,7.0333757400512695,-0.09162425994873047
cropped_images/images_crop_align_mtcnn/male/hispanic/man-496471_1920.jpg,5.284313678741455,7.0293755531311035,1.7450618743896484
cropped_images/images_crop_align_mtcnn/female/asian/aiony-haust-orYdcTza06E-unsplash.jpg,7.892857074737549,7.01322603225708,-0.8796310424804688
cropped_images/images_crop_align_mtcnn/female/caucasian/pexels-pixabay-247322.jpg,9.0,7.005168914794922,-1.9948310852050781
cropped_images/images_crop_align_mtcnn/female/indian/indian-5033682_1920.jpg,7.103448390960693,7.001603603363037,-0.10184478759765625
cropped_images/images_crop_align_mtcnn/female/caucasian/valerie-elash-9IL_stSpvOU-unsplash.jpg,8.076923370361328,6.998965740203857,-1.0779576301574707
cropped_images/images_crop_align_mtcnn/female/asian/pexels-zen-chung-5538615.jpg,7.0,6.984104156494141,-0.015895843505859375
cropped_images/images_crop_align_mtcnn/male/caucasian/young-4440156_1920.jpg,6.36904764175415,6.979341506958008,0.6102938652038574
cropped_images/images_crop_align_mtcnn/female/asian/57.jpg,6.949999809265137,6.975327491760254,0.025327682495117188
cropped_images/images_crop_align_mtcnn/female/caucasian/girl-4448689_1920.jpg,8.814814567565918,6.972542762756348,-1.8422718048095703
cropped_images/images_crop_align_mtcnn/female/caucasian/people-3057299_1920.jpg,6.907407283782959,6.970696449279785,0.06328916549682617
cropped_images/images_crop_align_mtcnn/male/caucasian/guy-4733624_1920.jpg,6.82446813583374,6.96822452545166,0.14375638961791992
cropped_images/images_crop_align_mtcnn/female/indian/pexels-manjeet-singh-yadav-1162983.jpg,8.5,6.9480791091918945,-1.5519208908081055
cropped_images/images_crop_align_mtcnn/male/asian/pexels-raul-reynoso-1578531.jpg,7.333333492279053,6.947635650634766,-0.3856978416442871
cropped_images/images_crop_align_mtcnn/female/asian/andres-hernandez-KVjiBiBvT-c-unsplash.jpg,7.192307472229004,6.943428993225098,-0.24887847900390625
cropped_images/images_crop_align_mtcnn/female/asian/model-1822567_1920.jpg,7.357142925262451,6.94035530090332,-0.41678762435913086
cropped_images/images_crop_align_mtcnn/female/caucasian/remy_loz-K3YvfgwLHBs-unsplash.jpg,6.9012346267700195,6.935707092285156,0.03447246551513672
cropped_images/images_crop_align_mtcnn/female/asian/girl-1741941_1920.jpg,6.6785712242126465,6.931153297424316,0.2525820732116699
cropped_images/images_crop_align_mtcnn/female/hispanic/mark-decile-hAw-uxfLXD4-unsplash.jpg,7.0789475440979,6.929649353027344,-0.14929819107055664
cropped_images/images_crop_align_mtcnn/male/asian/guy1.jpg,6.961538314819336,6.929180145263672,-0.03235816955566406
cropped_images/images_crop_align_mtcnn/female/caucasian/portrait-3216220_1920.jpg,6.8214287757873535,6.923460960388184,0.10203218460083008
cropped_images/images_crop_align_mtcnn/male/caucasian/niklas-veenhuis-HqWKpGBPm8I-unsplash.jpg,6.0,6.919323921203613,0.9193239212036133
cropped_images/images_crop_align_mtcnn/female/indian/f14.jpg,7.25,6.914078235626221,-0.3359217643737793
cropped_images/images_crop_align_mtcnn/male/hispanic/chalo-garcia-PXccl_hEIww-unsplash.jpg,6.095238208770752,6.907094955444336,0.811856746673584
cropped_images/images_crop_align_mtcnn/female/black/smile-2072908_1920.jpg,6.741379261016846,6.90639591217041,0.16501665115356445
cropped_images/images_crop_align_mtcnn/male/hispanic/guy8.jpg,7.40256404876709,6.905546188354492,-0.49701786041259766
cropped_images/images_crop_align_mtcnn/female/hispanic/farhad-eidi-yfefPhTFWU8-unsplash.jpg,6.333333492279053,6.898003578186035,0.5646700859069824
cropped_images/images_crop_align_mtcnn/female/caucasian/manny-moreno-2HTX85gxynM-unsplash.jpg,7.538461685180664,6.89455509185791,-0.6439065933227539
cropped_images/images_crop_align_mtcnn/male/asian/boy-4746524_1920.jpg,5.579999923706055,6.883368492126465,1.3033685684204102
cropped_images/images_crop_align_mtcnn/female/caucasian/carlos-lindner-8X6_ppAuhnI-unsplash.jpg,6.538461685180664,6.882946491241455,0.344484806060791
cropped_images/images_crop_align_mtcnn/female/hispanic/pexels-ingrid-santana-2100063.jpg,8.88888931274414,6.878649711608887,-2.010239601135254
cropped_images/images_crop_align_mtcnn/female/asian/sankhadeep-barman-aHTbdSquNCY-unsplash.jpg,7.050000190734863,6.872328281402588,-0.1776719093322754
cropped_images/images_crop_align_mtcnn/female/caucasian/portrait-3600667_1920.jpg,6.987179279327393,6.871869087219238,-0.1153101921081543
cropped_images/images_crop_align_mtcnn/male/caucasian/marie-michele-bouchard-8d-1HViXfdk-unsplash.jpg,5.387499809265137,6.8639326095581055,1.4764328002929688
cropped_images/images_crop_align_mtcnn/female/asian/alex-sorto-suymY_8bk4Y-unsplash.jpg,6.023809432983398,6.827172756195068,0.8033633232116699
cropped_images/images_crop_align_mtcnn/female/hispanic/andres-hernandez-KRwFmEBlgJo-unsplash.jpg,8.166666984558105,6.826437950134277,-1.3402290344238281
cropped_images/images_crop_align_mtcnn/male/caucasian/pexels-caroline-ayumi-fugitani-3718045.jpg,5.888888835906982,6.821135520935059,0.9322466850280762
cropped_images/images_crop_align_mtcnn/female/hispanic/omar-lopez-nomivMNW07o-unsplash.jpg,7.5,6.82093620300293,-0.6790637969970703
cropped_images/images_crop_align_mtcnn/female/indian/dollar-gill-wcd5bS3x9mE-unsplash.jpg,6.849999904632568,6.819418430328369,-0.03058147430419922
cropped_images/images_crop_align_mtcnn/female/asian/tong-nguyen-van-wXnaknPMpK0-unsplash.jpg,5.416666507720947,6.813324451446533,1.396657943725586
cropped_images/images_crop_align_mtcnn/female/caucasian/rw-studios-GaPevteWAIU-unsplash.jpg,8.399999618530273,6.812085151672363,-1.5879144668579102
cropped_images/images_crop_align_mtcnn/male/asian/guy13.jpg,6.24796724319458,6.807270050048828,0.559302806854248
cropped_images/images_crop_align_mtcnn/male/asian/gabriel-tovar-E6gYWTFDsQI-unsplash.jpg,3.75,6.8047027587890625,3.0547027587890625
cropped_images/images_crop_align_mtcnn/female/asian/azamat-kinzhitayev-yyf5DCBtm4E-unsplash.jpg,6.666666507720947,6.802406311035156,0.13573980331420898
cropped_images/images_crop_align_mtcnn/female/caucasian/d02.jpg,8.818181991577148,6.79358434677124,-2.024597644805908
cropped_images/images_crop_align_mtcnn/female/asian/pexels-min-an-1070751.jpg,8.75,6.787065505981445,-1.9629344940185547
cropped_images/images_crop_align_mtcnn/female/hispanic/patrick-gillespie-8j0CTWsImzo-unsplash.jpg,7.083333492279053,6.785977363586426,-0.29735612869262695
cropped_images/images_crop_align_mtcnn/male/caucasian/teenager-1131815_1280.jpg,7.034722328186035,6.7857208251953125,-0.24900150299072266
cropped_images/images_crop_align_mtcnn/male/caucasian/neonbrand-8AGfQQl_RSM-unsplash.jpg,6.909090995788574,6.784015655517578,-0.1250753402709961
cropped_images/images_crop_align_mtcnn/male/hispanic/olena-sergienko-FzFTy03noZ0-unsplash.jpg,6.0,6.781006813049316,0.7810068130493164
cropped_images/images_crop_align_mtcnn/female/caucasian/ilya-mirnyy-FrkBU4xWB9g-unsplash.jpg,6.034482955932617,6.777003288269043,0.7425203323364258
cropped_images/images_crop_align_mtcnn/female/caucasian/daniil-kuzelev-AkGd_YB6Q2c-unsplash.jpg,3.78947377204895,6.772909164428711,2.9834353923797607
cropped_images/images_crop_align_mtcnn/female/caucasian/emmanuel-bior-N06QdiZgK_E-unsplash.jpg,7.650000095367432,6.771692752838135,-0.8783073425292969
cropped_images/images_crop_align_mtcnn/female/indian/beautiful-2271357_1920.jpg,5.962963104248047,6.770848274230957,0.8078851699829102
cropped_images/images_crop_align_mtcnn/female/hispanic/woman-5225288_1920.jpg,6.888888835906982,6.768708229064941,-0.12018060684204102
cropped_images/images_crop_align_mtcnn/female/caucasian/lacie-slezak-Wn3oVkIn1HU-unsplash.jpg,7.25,6.764210224151611,-0.48578977584838867
cropped_images/images_crop_align_mtcnn/female/indian/zhang-kaiyv-voWjZ-NIrqo-unsplash.jpg,6.777777671813965,6.76383638381958,-0.013941287994384766
cropped_images/images_crop_align_mtcnn/male/caucasian/handsome-4133131_1920.jpg,7.222222328186035,6.757961273193359,-0.4642610549926758
cropped_images/images_crop_align_mtcnn/female/caucasian/brooke-cagle-BwhJOU0sgdY-unsplash.jpg,6.464285850524902,6.756882667541504,0.29259681701660156
cropped_images/images_crop_align_mtcnn/male/caucasian/beard-4205158_1920.jpg,5.745098114013672,6.746586799621582,1.0014886856079102
cropped_images/images_crop_align_mtcnn/female/indian/sarah-cervantes-79GLX12EY98-unsplash.jpg,7.320000171661377,6.7322611808776855,-0.5877389907836914
cropped_images/images_crop_align_mtcnn/female/hispanic/dorothy-puscas-kMgtp2f7yKs-unsplash.jpg,7.05555534362793,6.7314863204956055,-0.3240690231323242
cropped_images/images_crop_align_mtcnn/female/caucasian/quinten-de-graaf-5G3bb016MnU-unsplash.jpg,6.807692527770996,6.72230863571167,-0.08538389205932617
cropped_images/images_crop_align_mtcnn/male/caucasian/eric-karim-cornelis-b3oyT44E3LE-unsplash.jpg,8.181818008422852,6.722100257873535,-1.4597177505493164
cropped_images/images_crop_align_mtcnn/female/black/african-american-1180847_1920.jpg,4.838709831237793,6.719352722167969,1.8806428909301758
cropped_images/images_crop_align_mtcnn/male/caucasian/erik-mclean-8YbkDZwLx70-unsplash.jpg,5.964052200317383,6.717036247253418,0.7529840469360352
cropped_images/images_crop_align_mtcnn/female/caucasian/brooke-cagle-QZRAaYfmvA8-unsplash.jpg,6.814815044403076,6.716538429260254,-0.09827661514282227
cropped_images/images_crop_align_mtcnn/female/caucasian/child-3031836_1920.jpg,7.148148059844971,6.7065887451171875,-0.4415593147277832
cropped_images/images_crop_align_mtcnn/male/caucasian/harishan-kobalasingam-8PMvB4VyVXA-unsplash.jpg,6.520833492279053,6.696919918060303,0.17608642578125
cropped_images/images_crop_align_mtcnn/female/hispanic/allef-vinicius-C_1jjFJioWg-unsplash.jpg,6.666666507720947,6.688763618469238,0.022097110748291016
cropped_images/images_crop_align_mtcnn/male/asian/ha-nguy-n-CelYET8aK68-unsplash.jpg,6.25,6.68565559387207,0.4356555938720703
cropped_images/images_crop_align_mtcnn/female/asian/pexels-mental-health-america-(mha)-5531323.jpg,7.75,6.683843612670898,-1.0661563873291016
cropped_images/images_crop_align_mtcnn/female/caucasian/anne-peres-plsF6obTgms-unsplash.jpg,7.296296119689941,6.681452751159668,-0.6148433685302734
cropped_images/images_crop_align_mtcnn/male/asian/pexels-min-an-751204.jpg,6.222222328186035,6.675934791564941,0.45371246337890625
cropped_images/images_crop_align_mtcnn/female/hispanic/girl-2922427_1920.jpg,5.534482955932617,6.665536403656006,1.1310534477233887
cropped_images/images_crop_align_mtcnn/female/indian/pexels-mabel-lee-2739792.jpg,6.111111164093018,6.662909507751465,0.5517983436584473
cropped_images/images_crop_align_mtcnn/female/black/pexels-dellon-thomas-3189024.jpg,8.125,6.658410549163818,-1.4665894508361816
cropped_images/images_crop_align_mtcnn/male/hispanic/pexels-hamid-tajik-6207046.jpg,6.55555534362793,6.653988838195801,0.0984334945678711
cropped_images/images_crop_align_mtcnn/female/caucasian/bailey-mahon-jfPKQraxv0w-unsplash.jpg,6.896551609039307,6.652583122253418,-0.24396848678588867
cropped_images/images_crop_align_mtcnn/female/indian/clinton-naik-k-YuHdAtTP0-unsplash.jpg,5.38095235824585,6.64424991607666,1.2632975578308105
cropped_images/images_crop_align_mtcnn/female/asian/character-2454694_1920.jpg,3.9642856121063232,6.638913154602051,2.6746275424957275
cropped_images/images_crop_align_mtcnn/female/caucasian/yorkie-1393913_1920.jpg,5.567307472229004,6.6381354331970215,1.0708279609680176
cropped_images/images_crop_align_mtcnn/female/asian/irene-strong-gKJ2FFsCOD0-unsplash.jpg,5.648148059844971,6.634129524230957,0.9859814643859863
cropped_images/images_crop_align_mtcnn/female/indian/anh-nguyen-z6PZ7ZH9MMQ-unsplash.jpg,5.480000019073486,6.632342338562012,1.1523423194885254
cropped_images/images_crop_align_mtcnn/female/indian/pexels-skg-photography-2270078.jpg,7.352941036224365,6.629316329956055,-0.7236247062683105
cropped_images/images_crop_align_mtcnn/female/indian/beauty-4175607_1920.jpg,6.037036895751953,6.628348350524902,0.5913114547729492
cropped_images/images_crop_align_mtcnn/female/asian/pexels-tima-miroshnichenko-6614828.jpg,7.111111164093018,6.622575759887695,-0.48853540420532227
cropped_images/images_crop_align_mtcnn/female/caucasian/vintage-635274_1920.jpg,6.535714149475098,6.6166815757751465,0.08096742630004883
cropped_images/images_crop_align_mtcnn/female/caucasian/girl-1471048_1920.jpg,6.0,6.609820365905762,0.6098203659057617
cropped_images/images_crop_align_mtcnn/female/caucasian/brunette-3627300_1920.jpg,5.962963104248047,6.608517646789551,0.6455545425415039
cropped_images/images_crop_align_mtcnn/female/indian/model-5576784_1920.jpg,7.44444465637207,6.608402252197266,-0.8360424041748047
cropped_images/images_crop_align_mtcnn/female/indian/54.jpg,8.1578950881958,6.604433059692383,-1.553462028503418
cropped_images/images_crop_align_mtcnn/female/hispanic/matteo-minoglio-ywl3J10ZmBI-unsplash.jpg,5.461538314819336,6.5958685874938965,1.1343302726745605
cropped_images/images_crop_align_mtcnn/male/caucasian/teen-722645_1920.jpg,5.413461685180664,6.594827651977539,1.181365966796875
cropped_images/images_crop_align_mtcnn/male/hispanic/boy-1284509_1920.jpg,6.449999809265137,6.593690872192383,0.1436910629272461
cropped_images/images_crop_align_mtcnn/female/caucasian/egor-barmin-i-JkONlmR_o-unsplash.jpg,5.666666507720947,6.592597007751465,0.9259305000305176
cropped_images/images_crop_align_mtcnn/female/caucasian/ann-agterberg-WqATKbXqGZQ-unsplash.jpg,6.611111164093018,6.591773509979248,-0.01933765411376953
cropped_images/images_crop_align_mtcnn/female/hispanic/giano-currie-5-9YOsmf8IQ-unsplash.jpg,6.407407283782959,6.587928771972656,0.18052148818969727
cropped_images/images_crop_align_mtcnn/male/hispanic/hamed-taha-xPmMqkAze7g-unsplash.jpg,6.066666603088379,6.584619522094727,0.5179529190063477
cropped_images/images_crop_align_mtcnn/female/asian/20.jpg,7.222222328186035,6.582120418548584,-0.6401019096374512
cropped_images/images_crop_align_mtcnn/female/caucasian/winter-1520232_1920.jpg,4.185184955596924,6.581291198730469,2.396106243133545
cropped_images/images_crop_align_mtcnn/male/caucasian/man-3373869_1920.jpg,7.5625,6.576605796813965,-0.9858942031860352
cropped_images/images_crop_align_mtcnn/female/caucasian/blond-3952534_1920.jpg,6.785714149475098,6.5681586265563965,-0.21755552291870117
cropped_images/images_crop_align_mtcnn/female/hispanic/2.jpg,6.1171875,6.554272174835205,0.4370846748352051
cropped_images/images_crop_align_mtcnn/female/hispanic/raamin-ka-m8_JWQYF6GE-unsplash.jpg,7.083333492279053,6.5537567138671875,-0.5295767784118652
cropped_images/images_crop_align_mtcnn/male/asian/liam-martens-W3ANdzEvdZE-unsplash.jpg,4.13725471496582,6.550312042236328,2.413057327270508
cropped_images/images_crop_align_mtcnn/female/hispanic/bruno-dias-D22Tgx6TP5M-unsplash.jpg,7.0,6.546036243438721,-0.4539637565612793
cropped_images/images_crop_align_mtcnn/female/caucasian/beauty-1132617_1920.jpg,7.892857074737549,6.539328098297119,-1.3535289764404297
cropped_images/images_crop_align_mtcnn/male/caucasian/damir-spanic-I4EV0N4kpCU-unsplash.jpg,7.395833492279053,6.538787841796875,-0.8570456504821777
cropped_images/images_crop_align_mtcnn/female/caucasian/carlos-lindner-1fBp3p-1CyY-unsplash.jpg,6.611111164093018,6.535026550292969,-0.07608461380004883
cropped_images/images_crop_align_mtcnn/female/black/pexels-avonne-stalling-3916455.jpg,6.111111164093018,6.5307512283325195,0.41964006423950195
cropped_images/images_crop_align_mtcnn/female/asian/jim-flores-dE6c9RZoyL8-unsplash.jpg,7.714285850524902,6.517326354980469,-1.1969594955444336
cropped_images/images_crop_align_mtcnn/male/hispanic/pexels-mustafa-husnii-381843.jpg,8.0,6.513151168823242,-1.4868488311767578
cropped_images/images_crop_align_mtcnn/female/caucasian/todd-kent-k8NwmlJr508-unsplash.jpg,7.239999771118164,6.507012367248535,-0.7329874038696289
cropped_images/images_crop_align_mtcnn/female/asian/pexels-raydar-341970.jpg,8.5,6.504663467407227,-1.9953365325927734
cropped_images/images_crop_align_mtcnn/male/caucasian/r-d-smith-k-f3PYgAPwQ-unsplash.jpg,5.934999942779541,6.501399040222168,0.566399097442627
cropped_images/images_crop_align_mtcnn/male/caucasian/sinitta-leunen-KwHFS8vMHvA-unsplash.jpg,5.833333492279053,6.50112247467041,0.6677889823913574
cropped_images/images_crop_align_mtcnn/male/caucasian/nick-karvounis-JyO_szjGvUw-unsplash.jpg,6.285714149475098,6.500822067260742,0.21510791778564453
cropped_images/images_crop_align_mtcnn/female/caucasian/girl-3901714_1920.jpg,8.0,6.500124931335449,-1.4998750686645508
cropped_images/images_crop_align_mtcnn/female/hispanic/25.jpg,7.599999904632568,6.49638557434082,-1.103614330291748
cropped_images/images_crop_align_mtcnn/female/caucasian/steady-hand-co-sdSnS1WF7C8-unsplash.jpg,6.0740742683410645,6.4904327392578125,0.41635847091674805
cropped_images/images_crop_align_mtcnn/female/black/34.jpg,7.142857074737549,6.4889044761657715,-0.6539525985717773
cropped_images/images_crop_align_mtcnn/male/caucasian/chase-jiggliemon-wilson-tu_uBj2_oTQ-unsplash.jpg,4.744185924530029,6.488065242767334,1.7438793182373047
cropped_images/images_crop_align_mtcnn/female/caucasian/fashion-238553_1920.jpg,6.482758522033691,6.4794230461120605,-0.0033354759216308594
cropped_images/images_crop_align_mtcnn/female/asian/rainier-ridao-L1STkrnnBHw-unsplash.jpg,8.44444465637207,6.476874828338623,-1.9675698280334473
cropped_images/images_crop_align_mtcnn/female/caucasian/blonde-2885907_1920.jpg,7.089285850524902,6.475802421569824,-0.6134834289550781
cropped_images/images_crop_align_mtcnn/female/indian/teenager-1612462_1920.jpg,6.952381134033203,6.46649169921875,-0.4858894348144531
cropped_images/images_crop_align_mtcnn/male/asian/sung-wang-g4DgCF90EM4-unsplash.jpg,5.970588207244873,6.465460300445557,0.4948720932006836
cropped_images/images_crop_align_mtcnn/male/caucasian/man-943554_1920.jpg,4.625,6.464493751525879,1.839493751525879
cropped_images/images_crop_align_mtcnn/male/caucasian/cleyton-ewerton-U_z1WoDoISA-unsplash.jpg,7.0291666984558105,6.464303493499756,-0.5648632049560547
cropped_images/images_crop_align_mtcnn/male/caucasian/model-3513812_1920.jpg,6.875,6.464073181152344,-0.41092681884765625
cropped_images/images_crop_align_mtcnn/female/caucasian/michael-burciaga-nPLOGnW9MWY-unsplash.jpg,5.517241477966309,6.463447570800781,0.9462060928344727
cropped_images/images_crop_align_mtcnn/female/hispanic/hian-oliveira-n_L_ppO4QtY-unsplash.jpg,7.064102649688721,6.459240913391113,-0.6048617362976074
cropped_images/images_crop_align_mtcnn/male/caucasian/daniil-onischenko-_J2fMaieLSM-unsplash.jpg,5.476190567016602,6.452270984649658,0.9760804176330566
cropped_images/images_crop_align_mtcnn/male/caucasian/man-67467_1920.jpg,8.012411117553711,6.4487714767456055,-1.5636396408081055
cropped_images/images_crop_align_mtcnn/female/caucasian/cole-plichta-7la6TtuqYOI-unsplash.jpg,7.275000095367432,6.448658466339111,-0.8263416290283203
cropped_images/images_crop_align_mtcnn/male/caucasian/vicky-hladynets-BUNTFZ25_hI-unsplash.jpg,6.065789699554443,6.441052436828613,0.3752627372741699
cropped_images/images_crop_align_mtcnn/female/asian/muhammad-ruqiyaddin-0BFQaFG9iR0-unsplash.jpg,7.888888835906982,6.438474655151367,-1.4504141807556152
cropped_images/images_crop_align_mtcnn/female/caucasian/vlad-baranov-PoZcPg18Qm0-unsplash.jpg,7.107142925262451,6.436415195465088,-0.6707277297973633
cropped_images/images_crop_align_mtcnn/female/caucasian/french-4525967_1920.jpg,6.517241477966309,6.428962707519531,-0.08827877044677734
cropped_images/images_crop_align_mtcnn/female/hispanic/juan-encalada-vIM0htb0gJs-unsplash.jpg,3.090909004211426,6.428632736206055,3.337723731994629
cropped_images/images_crop_align_mtcnn/female/caucasian/taylor-deas-melesh-0WTtJ0bhJcw-unsplash.jpg,6.92307710647583,6.414126396179199,-0.5089507102966309
cropped_images/images_crop_align_mtcnn/female/caucasian/timothy-dykes-90uVYog2FKE-unsplash.jpg,8.300000190734863,6.411038398742676,-1.8889617919921875
cropped_images/images_crop_align_mtcnn/male/asian/gabriel-tovar-RDf0qh6VvQ0-unsplash.jpg,5.2727274894714355,6.406966209411621,1.1342387199401855
cropped_images/images_crop_align_mtcnn/female/caucasian/girl-2334888_1920.jpg,6.75,6.402767181396484,-0.3472328186035156
cropped_images/images_crop_align_mtcnn/female/caucasian/woman-3034836_1920.jpg,6.967741966247559,6.400869369506836,-0.5668725967407227
cropped_images/images_crop_align_mtcnn/female/caucasian/shilja-74758_1920.jpg,4.5061726570129395,6.40001106262207,1.8938384056091309
cropped_images/images_crop_align_mtcnn/female/hispanic/girl-3839501_1920.jpg,7.862069129943848,6.398307800292969,-1.463761329650879
cropped_images/images_crop_align_mtcnn/male/caucasian/man-894182_1920.jpg,5.857142925262451,6.3924713134765625,0.5353283882141113
cropped_images/images_crop_align_mtcnn/male/caucasian/emrecan-arik-apJKb2Js_Vg-unsplash.jpg,6.710526466369629,6.385378837585449,-0.3251476287841797
cropped_images/images_crop_align_mtcnn/male/caucasian/man-2590777_1920.jpg,6.13265323638916,6.383774757385254,0.25112152099609375
cropped_images/images_crop_align_mtcnn/female/asian/old-2474161_1920.jpg,5.392857074737549,6.376564979553223,0.9837079048156738
cropped_images/images_crop_align_mtcnn/male/hispanic/112.jpg,5.355855941772461,6.374373435974121,1.0185174942016602
cropped_images/images_crop_align_mtcnn/male/caucasian/roland-hechanova-3O18O0CZiZ4-unsplash.jpg,6.940170764923096,6.373085975646973,-0.567084789276123
cropped_images/images_crop_align_mtcnn/female/indian/portrait-4428523_1920.jpg,6.981481552124023,6.365349769592285,-0.6161317825317383
cropped_images/images_crop_align_mtcnn/male/indian/ashkan-forouzani-rHuReQyQ72c-unsplash.jpg,6.636363506317139,6.362161636352539,-0.2742018699645996
cropped_images/images_crop_align_mtcnn/female/caucasian/kate-hliznitsova-tD0wyPbnsLA-unsplash.jpg,6.0,6.355944633483887,0.3559446334838867
cropped_images/images_crop_align_mtcnn/female/black/attractive-1869761_1920.jpg,6.0,6.346657752990723,0.34665775299072266
cropped_images/images_crop_align_mtcnn/male/caucasian/creating-a-brand-qF-W8_oNHzE-unsplash.jpg,6.399122714996338,6.344118595123291,-0.055004119873046875
cropped_images/images_crop_align_mtcnn/female/black/15.jpg,6.296296119689941,6.339160919189453,0.04286479949951172
cropped_images/images_crop_align_mtcnn/male/caucasian/serhiy-hipskyy-6KPUS5tUp3Y-unsplash.jpg,6.777777671813965,6.337738990783691,-0.44003868103027344
cropped_images/images_crop_align_mtcnn/female/indian/woman-3146093_1920.jpg,5.655172348022461,6.336251258850098,0.6810789108276367
cropped_images/images_crop_align_mtcnn/male/hispanic/ronny-sison-3vzaG52ZCJY-unsplash.jpg,5.285714149475098,6.334439754486084,1.0487256050109863
cropped_images/images_crop_align_mtcnn/female/asian/girl-4622990_1920.jpg,5.892857074737549,6.331818580627441,0.4389615058898926
cropped_images/images_crop_align_mtcnn/female/caucasian/ronaldo-oliveira-TOQlWdx_5Zc-unsplash.jpg,7.238095283508301,6.331321716308594,-0.906773567199707
cropped_images/images_crop_align_mtcnn/male/caucasian/male-3847141_1920.jpg,6.258503437042236,6.330472946166992,0.07196950912475586
cropped_images/images_crop_align_mtcnn/female/black/clarke-sanders-HOQpBGL95Z8-unsplash.jpg,6.769230842590332,6.322878837585449,-0.4463520050048828
cropped_images/images_crop_align_mtcnn/female/black/african-2197414_1920.jpg,5.199999809265137,6.318356513977051,1.118356704711914
cropped_images/images_crop_align_mtcnn/female/caucasian/woman-3718859_1920.jpg,4.5714287757873535,6.29931116104126,1.7278823852539062
cropped_images/images_crop_align_mtcnn/female/hispanic/pretty-2682798_1920.jpg,7.068965435028076,6.297476291656494,-0.771489143371582
cropped_images/images_crop_align_mtcnn/female/asian/anthony-tran-3Xkms-gMvZg-unsplash.jpg,7.916666507720947,6.29617977142334,-1.6204867362976074
cropped_images/images_crop_align_mtcnn/male/hispanic/matheus-farias-_jOsfORtjew-unsplash.jpg,5.657894611358643,6.294253349304199,0.6363587379455566
cropped_images/images_crop_align_mtcnn/male/black/seni-oremodu-A7UFsx5NZMY-unsplash.jpg,4.464285850524902,6.2926788330078125,1.8283929824829102
cropped_images/images_crop_align_mtcnn/female/caucasian/aircraft-976685_1920.jpg,7.489583492279053,6.292677879333496,-1.1969056129455566
cropped_images/images_crop_align_mtcnn/male/asian/angelo-abear-XDevBdyfMD8-unsplash.jpg,5.864583492279053,6.289416790008545,0.4248332977294922
cropped_images/images_crop_align_mtcnn/female/asian/le-minh-phuong-jGZITdFhmts-unsplash.jpg,7.166666507720947,6.288450241088867,-0.8782162666320801
cropped_images/images_crop_align_mtcnn/male/caucasian/zheka-boychenko-vPkTWyTgk8E-unsplash.jpg,6.474999904632568,6.2824907302856445,-0.19250917434692383
cropped_images/images_crop_align_mtcnn/male/caucasian/toa-heftiba-chn-__w4I3M-unsplash.jpg,6.906504154205322,6.278913497924805,-0.6275906562805176
cropped_images/images_crop_align_mtcnn/male/caucasian/esvan-UvgK58_MU9c-unsplash(1).jpg,4.69444465637207,6.266336917877197,1.571892261505127
cropped_images/images_crop_align_mtcnn/female/asian/pexels-sora-shimazaki-5938437.jpg,6.111111164093018,6.250893592834473,0.13978242874145508
cropped_images/images_crop_align_mtcnn/male/hispanic/pexels-ron¿║-ferreira-2304113.jpg,7.777777671813965,6.24909782409668,-1.5286798477172852
cropped_images/images_crop_align_mtcnn/female/black/pexels-kaone-makoko-3785991.jpg,5.0,6.249053001403809,1.2490530014038086
cropped_images/images_crop_align_mtcnn/male/asian/dale-alejandro-RYrMPoxzaZ0-unsplash.jpg,5.44444465637207,6.248797416687012,0.8043527603149414
cropped_images/images_crop_align_mtcnn/female/caucasian/jude-infantini-HKQKt4f8sAU-unsplash.jpg,6.92307710647583,6.242572784423828,-0.680504322052002
cropped_images/images_crop_align_mtcnn/male/caucasian/fashion-2082066_1920.jpg,6.574830055236816,6.234812259674072,-0.34001779556274414
cropped_images/images_crop_align_mtcnn/female/caucasian/logan-weaver-X1wFriUtQIE-unsplash.jpg,4.246913433074951,6.233184337615967,1.9862709045410156
cropped_images/images_crop_align_mtcnn/female/caucasian/vladislav-nikonov-XyoRtTE5P9U-unsplash.jpg,7.111111164093018,6.229113578796387,-0.8819975852966309
cropped_images/images_crop_align_mtcnn/male/caucasian/kenzie-kraft-OIrGE60UwAY-unsplash.jpg,7.294444561004639,6.225773811340332,-1.0686707496643066
cropped_images/images_crop_align_mtcnn/male/black/pexels-katerina-holmes-5905497.jpg,5.222222328186035,6.224666118621826,1.002443790435791
cropped_images/images_crop_align_mtcnn/female/hispanic/obi-onyeador-7ckRPDhlgOk-unsplash.jpg,6.166666507720947,6.217859268188477,0.0511927604675293
cropped_images/images_crop_align_mtcnn/female/caucasian/gabriel-silverio-K_b41GaWC5Y-unsplash.jpg,7.185184955596924,6.212141036987305,-0.9730439186096191
cropped_images/images_crop_align_mtcnn/female/caucasian/elijah-m-henderson-r9lTXKNtq7I-unsplash.jpg,7.461538314819336,6.211095333099365,-1.2504429817199707
cropped_images/images_crop_align_mtcnn/female/caucasian/mike-austin-jgSAuqMmJUE-unsplash.jpg,7.639999866485596,6.21099853515625,-1.4290013313293457
cropped_images/images_crop_align_mtcnn/female/asian/pexels-anna-shvets-4672555.jpg,6.666666507720947,6.199286460876465,-0.4673800468444824
cropped_images/images_crop_align_mtcnn/female/caucasian/dan-ROJFuWCsfmA-unsplash.jpg,6.052631378173828,6.198894500732422,0.14626312255859375
cropped_images/images_crop_align_mtcnn/male/caucasian/guy-4733626_1920.jpg,6.634782791137695,6.195772171020508,-0.4390106201171875
cropped_images/images_crop_align_mtcnn/male/caucasian/andreea-pop-bTVliFTsdHI-unsplash.jpg,5.873758792877197,6.1956682205200195,0.32190942764282227
cropped_images/images_crop_align_mtcnn/female/caucasian/woman-3123557_1920.jpg,4.155172348022461,6.193208694458008,2.038036346435547
cropped_images/images_crop_align_mtcnn/female/caucasian/nick-arnot-AuCrXk0pLWo-unsplash.jpg,7.898148059844971,6.1908416748046875,-1.7073063850402832
cropped_images/images_crop_align_mtcnn/male/asian/people-1731137_1920.jpg,4.761904716491699,6.180444717407227,1.4185400009155273
cropped_images/images_crop_align_mtcnn/female/black/kelly-sikkema-q2hBflsr71o-unsplash.jpg,5.636363506317139,6.17552375793457,0.5391602516174316
cropped_images/images_crop_align_mtcnn/female/caucasian/woman-1598944_1920.jpg,5.599999904632568,6.1737260818481445,0.5737261772155762
cropped_images/images_crop_align_mtcnn/male/caucasian/brittany-bendabout-dxSOJGYFJ6Y-unsplash.jpg,4.90625,6.173537254333496,1.267287254333496
cropped_images/images_crop_align_mtcnn/female/black/head-shoot-1542339_1920.jpg,4.804597854614258,6.171855926513672,1.367258071899414
cropped_images/images_crop_align_mtcnn/female/hispanic/ben-o-bro-ly748H13ts0-unsplash.jpg,7.026315689086914,6.171473979949951,-0.8548417091369629
cropped_images/images_crop_align_mtcnn/female/hispanic/madison-hedgecock-tacwAxr3PvU-unsplash.jpg,7.5,6.165282249450684,-1.3347177505493164
cropped_images/images_crop_align_mtcnn/male/asian/pexels-streetwindy-4055355.jpg,4.666666507720947,6.159870147705078,1.4932036399841309
cropped_images/images_crop_align_mtcnn/female/caucasian/sincerely-media-_IdTrwVwdWI-unsplash.jpg,5.089285850524902,6.157162189483643,1.0678763389587402
cropped_images/images_crop_align_mtcnn/male/caucasian/boy-2420289_1920.jpg,5.679999828338623,6.149240493774414,0.469240665435791
cropped_images/images_crop_align_mtcnn/female/caucasian/f8.jpg,7.611111164093018,6.142492294311523,-1.4686188697814941
cropped_images/images_crop_align_mtcnn/male/caucasian/aldo-delara-3_Si7AS2iA4-unsplash.jpg,5.583333492279053,6.139213562011719,0.555880069732666
cropped_images/images_crop_align_mtcnn/female/caucasian/mature-857525_1920.jpg,3.75,6.137009620666504,2.387009620666504
cropped_images/images_crop_align_mtcnn/female/black/pexels-ogo-2434049.jpg,7.5,6.130711555480957,-1.369288444519043
cropped_images/images_crop_align_mtcnn/female/caucasian/mark-decile-W0fOHWkpxUQ-unsplash.jpg,7.614035129547119,6.12891960144043,-1.4851155281066895
cropped_images/images_crop_align_mtcnn/male/caucasian/luther-bottrill-DVeTzIywKw4-unsplash.jpg,6.729166507720947,6.121758460998535,-0.6074080467224121
cropped_images/images_crop_align_mtcnn/male/black/dorrell-tibbs-GntSiIMHyVM-unsplash.jpg,4.964285850524902,6.121705055236816,1.157419204711914
cropped_images/images_crop_align_mtcnn/male/hispanic/mojtaba-ravanbakhsh-C1FZr9CIC5U-unsplash.jpg,5.309523582458496,6.118379592895508,0.8088560104370117
cropped_images/images_crop_align_mtcnn/female/caucasian/women-1209678_1920.jpg,6.962963104248047,6.112427711486816,-0.8505353927612305
cropped_images/images_crop_align_mtcnn/male/hispanic/misael-silvera-5CSRi249CQk-unsplash.jpg,6.25,6.108497142791748,-0.14150285720825195
cropped_images/images_crop_align_mtcnn/male/asian/pexels-dellon-thomas-3674248.jpg,7.44444465637207,6.1019487380981445,-1.3424959182739258
cropped_images/images_crop_align_mtcnn/female/caucasian/young-1544115_1920.jpg,7.599999904632568,6.100753307342529,-1.499246597290039
cropped_images/images_crop_align_mtcnn/male/hispanic/posing-996232_1920.jpg,4.692592620849609,6.096165657043457,1.4035730361938477
cropped_images/images_crop_align_mtcnn/male/asian/134.jpg,5.077499866485596,6.090191841125488,1.0126919746398926
cropped_images/images_crop_align_mtcnn/male/asian/alexandre-debieve-xbeKrAgzGhQ-unsplash.jpg,6.375,6.090140342712402,-0.28485965728759766
cropped_images/images_crop_align_mtcnn/male/caucasian/taylor-nhIbH2OwB7M-unsplash.jpg,6.699999809265137,6.088025093078613,-0.6119747161865234
cropped_images/images_crop_align_mtcnn/female/caucasian/mohammed-hassan-YyvV9rF39lk-unsplash.jpg,6.44444465637207,6.085291862487793,-0.35915279388427734
cropped_images/images_crop_align_mtcnn/male/caucasian/bannon-morrissy-RxiAV5LC-ww-unsplash.jpg,6.874149799346924,6.084920883178711,-0.7892289161682129
cropped_images/images_crop_align_mtcnn/female/indian/woman-4686064_1920.jpg,5.9285712242126465,6.079880237579346,0.15130901336669922
cropped_images/images_crop_align_mtcnn/male/caucasian/man-4302299_1920.jpg,7.107842922210693,6.075032711029053,-1.0328102111816406
cropped_images/images_crop_align_mtcnn/female/asian/gemma-chua-tran-Sgqo6Cohf9M-unsplash.jpg,6.519230842590332,6.072608947753906,-0.4466218948364258
cropped_images/images_crop_align_mtcnn/male/caucasian/fabio-scaletta-yhKc2M6Z500-unsplash.jpg,6.3353657722473145,6.072375297546387,-0.26299047470092773
cropped_images/images_crop_align_mtcnn/female/caucasian/artem-kryzhanivskyi-AdRJsBCjwms-unsplash.jpg,7.111111164093018,6.0708770751953125,-1.040234088897705
cropped_images/images_crop_align_mtcnn/male/hispanic/suzana-sousa-IC1_YWQn6so-unsplash.jpg,4.833333492279053,6.050967693328857,1.2176342010498047
cropped_images/images_crop_align_mtcnn/male/caucasian/austin-wade-X6Uj51n5CE8-unsplash.jpg,6.175438404083252,6.050719738006592,-0.12471866607666016
cropped_images/images_crop_align_mtcnn/female/caucasian/janko-ferlic-70NsMQvAYHE-unsplash.jpg,5.139999866485596,6.047548770904541,0.9075489044189453
cropped_images/images_crop_align_mtcnn/male/caucasian/luis-villasmil-hh3ViD0r0Rc-unsplash.jpg,6.370748519897461,6.04245662689209,-0.3282918930053711
cropped_images/images_crop_align_mtcnn/female/asian/mathias-huysmans-kWLwiYznS3M-unsplash.jpg,7.699999809265137,6.040550231933594,-1.659449577331543
cropped_images/images_crop_align_mtcnn/male/asian/bride-5867605_1920.jpg,5.333333492279053,6.0390119552612305,0.7056784629821777
cropped_images/images_crop_align_mtcnn/female/asian/cris-trung-LRLxSTpq2Ds-unsplash.jpg,6.333333492279053,6.037752151489258,-0.2955813407897949
cropped_images/images_crop_align_mtcnn/male/caucasian/man-2854030_1920.jpg,7.421666622161865,6.036345481872559,-1.3853211402893066
cropped_images/images_crop_align_mtcnn/female/caucasian/pexels-skyler-ewing-4680778.jpg,7.44444465637207,6.033232688903809,-1.4112119674682617
cropped_images/images_crop_align_mtcnn/male/caucasian/elijah-hiett-m7bRe_XS7BY-unsplash.jpg,6.25,6.031803131103516,-0.21819686889648438
cropped_images/images_crop_align_mtcnn/male/hispanic/max-harlynking-zaItO-b0afs-unsplash.jpg,5.952381134033203,6.027830123901367,0.07544898986816406
cropped_images/images_crop_align_mtcnn/male/caucasian/portrait-3334378_1280.jpg,7.264227867126465,6.0174760818481445,-1.2467517852783203
cropped_images/images_crop_align_mtcnn/male/caucasian/pexels-elle-hughes-1680175.jpg,7.333333492279053,6.015088081359863,-1.3182454109191895
cropped_images/images_crop_align_mtcnn/female/caucasian/girl-4015898_1920.jpg,6.1724138259887695,6.013388633728027,-0.1590251922607422
cropped_images/images_crop_align_mtcnn/female/indian/nature-3110567_1920.jpg,5.535714149475098,6.012182235717773,0.4764680862426758
cropped_images/images_crop_align_mtcnn/male/hispanic/jaime-spaniol-0g9FHYb3IEY-unsplash.jpg,7.083333492279053,6.011645317077637,-1.071688175201416
cropped_images/images_crop_align_mtcnn/female/indian/anusha-reddy--zP_lFB6vCk-unsplash.jpg,6.666666507720947,6.010446548461914,-0.6562199592590332
cropped_images/images_crop_align_mtcnn/male/black/brian-lundquist-3_WZlLre0rY-unsplash.jpg,4.8231706619262695,6.0031418800354,1.1799712181091309
cropped_images/images_crop_align_mtcnn/male/caucasian/man-1868320_1920.jpg,7.407894611358643,6.000613212585449,-1.4072813987731934
cropped_images/images_crop_align_mtcnn/male/hispanic/g_5.jpg,7.150000095367432,5.998595237731934,-1.151404857635498
cropped_images/images_crop_align_mtcnn/female/caucasian/logan-weaver-QoZRUI6LdKw-unsplash.jpg,7.535714149475098,5.996274471282959,-1.5394396781921387
cropped_images/images_crop_align_mtcnn/female/caucasian/sebastian-pociecha-9AdKSLh2320-unsplash.jpg,6.5,5.995935440063477,-0.5040645599365234
cropped_images/images_crop_align_mtcnn/female/asian/girl-5934632_1920.jpg,7.333333492279053,5.995761394500732,-1.3375720977783203
cropped_images/images_crop_align_mtcnn/male/caucasian/man-1242018_1920.jpg,5.433962345123291,5.991734027862549,0.5577716827392578
cropped_images/images_crop_align_mtcnn/male/caucasian/g_14.jpg,5.142857074737549,5.991591930389404,0.8487348556518555
cropped_images/images_crop_align_mtcnn/male/asian/leo-sagala-ImCWS7xydLY-unsplash.jpg,5.666666507720947,5.9907026290893555,0.3240361213684082
cropped_images/images_crop_align_mtcnn/male/hispanic/whereslugo-DMVD9RkZIwQ-unsplash.jpg,7.020325183868408,5.985497951507568,-1.0348272323608398
cropped_images/images_crop_align_mtcnn/male/black/sexy-man-3414909_1920.jpg,5.315602779388428,5.981991767883301,0.666388988494873
cropped_images/images_crop_align_mtcnn/male/hispanic/man-912226_1920.jpg,5.0789475440979,5.977379322052002,0.8984317779541016
cropped_images/images_crop_align_mtcnn/male/caucasian/guy-4392888_1920.jpg,5.7588653564453125,5.9754838943481445,0.21661853790283203
cropped_images/images_crop_align_mtcnn/female/caucasian/gabriel-silverio-u3WmDyKGsrY-unsplash.jpg,5.107142925262451,5.974911689758301,0.8677687644958496
cropped_images/images_crop_align_mtcnn/male/caucasian/pexels-mart¿¬-pardo-1674318.jpg,9.333333015441895,5.973011016845703,-3.3603219985961914
cropped_images/images_crop_align_mtcnn/female/hispanic/zulmaury-saavedra--Keh6vLM7w0-unsplash.jpg,6.807692527770996,5.968362808227539,-0.839329719543457
cropped_images/images_crop_align_mtcnn/male/caucasian/142.jpg,4.9244184494018555,5.967806816101074,1.0433883666992188
cropped_images/images_crop_align_mtcnn/female/indian/indian-girl-4985302_1920.jpg,6.137930870056152,5.967737197875977,-0.17019367218017578
cropped_images/images_crop_align_mtcnn/male/black/man-2590836_1920.jpg,4.3684210777282715,5.963583946228027,1.5951628684997559
cropped_images/images_crop_align_mtcnn/male/caucasian/man-962563_1920.jpg,6.3458333015441895,5.963108062744141,-0.38272523880004883
cropped_images/images_crop_align_mtcnn/male/caucasian/guy15.jpg,6.048245429992676,5.963108062744141,-0.08513736724853516
cropped_images/images_crop_align_mtcnn/female/indian/agnieszka-kowalczyk-W0d-rh52NgE-unsplash.jpg,5.666666507720947,5.956022262573242,0.2893557548522949
cropped_images/images_crop_align_mtcnn/male/asian/pexels-jameson-mallari-atenta-2872703.jpg,5.44444465637207,5.952759742736816,0.5083150863647461
cropped_images/images_crop_align_mtcnn/female/black/juno-jo-nwdPxI1h4NQ-unsplash.jpg,6.096153736114502,5.952535629272461,-0.14361810684204102
cropped_images/images_crop_align_mtcnn/male/indian/pexels-suleman-mukhtar-452557.jpg,6.0,5.949062347412109,-0.050937652587890625
cropped_images/images_crop_align_mtcnn/female/caucasian/hichem-dahmani-EhcwOfAn-mA-unsplash.jpg,6.579999923706055,5.943690299987793,-0.6363096237182617
cropped_images/images_crop_align_mtcnn/female/black/tyrell-charles-m4NimBSfcYI-unsplash.jpg,6.449999809265137,5.936656951904297,-0.5133428573608398
cropped_images/images_crop_align_mtcnn/female/asian/pexels-ketut-subiyanto-4350178.jpg,6.333333492279053,5.931305885314941,-0.40202760696411133
cropped_images/images_crop_align_mtcnn/female/caucasian/model-1260144_1920.jpg,6.464285850524902,5.927384376525879,-0.5369014739990234
cropped_images/images_crop_align_mtcnn/male/black/divine-effiong-_e8yPP3C9n0-unsplash.jpg,5.857526779174805,5.924069404602051,0.0665426254272461
cropped_images/images_crop_align_mtcnn/male/black/alieza-rizvie-RhYNbSQlxSY-unsplash.jpg,6.349999904632568,5.922847270965576,-0.4271526336669922
cropped_images/images_crop_align_mtcnn/female/caucasian/volleyball-player-1624970_1920.jpg,5.941176414489746,5.922420501708984,-0.01875591278076172
cropped_images/images_crop_align_mtcnn/female/caucasian/tanya-trofymchuk-gCKYhaa4b2E-unsplash.jpg,7.230769157409668,5.918984889984131,-1.311784267425537
cropped_images/images_crop_align_mtcnn/female/hispanic/pexels-nicole-michalou-5778909.jpg,6.44444465637207,5.917782306671143,-0.5266623497009277
cropped_images/images_crop_align_mtcnn/female/asian/tabitha-turner-e5ckVRrQj_8-unsplash.jpg,4.589285850524902,5.913681507110596,1.3243956565856934
cropped_images/images_crop_align_mtcnn/male/caucasian/felea-emanuel-Pv5y8bab5L4-unsplash.jpg,7.083333492279053,5.912078857421875,-1.1712546348571777
cropped_images/images_crop_align_mtcnn/male/hispanic/gabriella-clare-marino-G3Nj7b_UBLo-unsplash.jpg,5.545454502105713,5.906702518463135,0.3612480163574219
cropped_images/images_crop_align_mtcnn/male/hispanic/oosman-exptal-K2exjqPg3Zs-unsplash.jpg,6.0,5.905501842498779,-0.0944981575012207
cropped_images/images_crop_align_mtcnn/male/caucasian/138.jpg,6.506249904632568,5.899192810058594,-0.6070570945739746
cropped_images/images_crop_align_mtcnn/female/caucasian/ben-den-engelsen-AGTxr6b9xJU-unsplash.jpg,6.666666507720947,5.897171497344971,-0.7694950103759766
cropped_images/images_crop_align_mtcnn/male/caucasian/man-1122364_1920.jpg,6.191489219665527,5.878427982330322,-0.3130612373352051
cropped_images/images_crop_align_mtcnn/male/caucasian/sharon-mccutcheon-W2hSpLh5caQ-unsplash.jpg,4.105000019073486,5.877348899841309,1.7723488807678223
cropped_images/images_crop_align_mtcnn/male/asian/guy4.jpg,6.467592716217041,5.8742218017578125,-0.5933709144592285
cropped_images/images_crop_align_mtcnn/female/caucasian/woman-4130601_1920.jpg,4.714285850524902,5.873907089233398,1.159621238708496
cropped_images/images_crop_align_mtcnn/male/caucasian/lisa-wall-x5aOKbKhM_o-unsplash.jpg,7.454545497894287,5.865896224975586,-1.5886492729187012
cropped_images/images_crop_align_mtcnn/female/asian/nima-sarram-3VOI8o6Ftio-unsplash.jpg,7.666666507720947,5.864453315734863,-1.802213191986084
cropped_images/images_crop_align_mtcnn/female/indian/girl-517524_1920.jpg,6.0,5.860870361328125,-0.139129638671875
cropped_images/images_crop_align_mtcnn/male/black/male-4948673_1920.jpg,5.212766170501709,5.859061241149902,0.6462950706481934
cropped_images/images_crop_align_mtcnn/female/caucasian/helena-lopes-LSdo2qHFI8k-unsplash.jpg,5.141975402832031,5.8588361740112305,0.7168607711791992
cropped_images/images_crop_align_mtcnn/male/caucasian/hean-prinsloo-OVfgeJIghbU-unsplash.jpg,6.767441749572754,5.856740951538086,-0.910700798034668
cropped_images/images_crop_align_mtcnn/female/caucasian/girl-2772177_1920.jpg,6.317307472229004,5.850472450256348,-0.46683502197265625
cropped_images/images_crop_align_mtcnn/male/caucasian/pexels-david-garrison-2128807.jpg,6.666666507720947,5.849761962890625,-0.8169045448303223
cropped_images/images_crop_align_mtcnn/male/hispanic/outdoors-3462520_1920(1).jpg,6.523809432983398,5.842863082885742,-0.6809463500976562
cropped_images/images_crop_align_mtcnn/male/black/leilani-angel-K84vnnzxmTQ-unsplash.jpg,5.291666507720947,5.838120460510254,0.5464539527893066
cropped_images/images_crop_align_mtcnn/male/asian/pexels-gaurav-ranjitkar-4095473.jpg,5.0,5.837960243225098,0.8379602432250977
cropped_images/images_crop_align_mtcnn/male/caucasian/joker-5485787_1920.jpg,4.0,5.834358215332031,1.8343582153320312
cropped_images/images_crop_align_mtcnn/female/hispanic/beautiful-1869534_1920.jpg,7.0,5.816873550415039,-1.183126449584961
cropped_images/images_crop_align_mtcnn/male/caucasian/nikolay-vybornov-lC6f79utuKM-unsplash.jpg,4.294117450714111,5.814310073852539,1.5201926231384277
cropped_images/images_crop_align_mtcnn/male/caucasian/boy-2145113_1920.jpg,4.496598720550537,5.812134742736816,1.3155360221862793
cropped_images/images_crop_align_mtcnn/male/caucasian/portrait-2573013_1920.jpg,4.70192289352417,5.8007965087890625,1.0988736152648926
cropped_images/images_crop_align_mtcnn/female/black/39.jpg,5.142857074737549,5.7933244705200195,0.6504673957824707
cropped_images/images_crop_align_mtcnn/female/caucasian/christina-wocintechchat-com-0Zx1bDv5BNY-unsplash.jpg,7.5,5.7788896560668945,-1.7211103439331055
cropped_images/images_crop_align_mtcnn/male/hispanic/kevin-turcios-Mn0mVsdg4EU-unsplash.jpg,6.181818008422852,5.771243095397949,-0.41057491302490234
cropped_images/images_crop_align_mtcnn/female/caucasian/edward-cisneros-_H6wpor9mjs-unsplash.jpg,5.599999904632568,5.768796443939209,0.16879653930664062
cropped_images/images_crop_align_mtcnn/female/asian/austin-wade-ex6qfO4TPMY-unsplash.jpg,6.75,5.759078025817871,-0.9909219741821289
cropped_images/images_crop_align_mtcnn/female/caucasian/woman-1140923_1920.jpg,4.857142925262451,5.756819725036621,0.8996767997741699
cropped_images/images_crop_align_mtcnn/male/caucasian/christopher-campbell-jxWFbUqNEOM-unsplash.jpg,6.238095283508301,5.750063419342041,-0.48803186416625977
cropped_images/images_crop_align_mtcnn/male/caucasian/smiling-888532_1920.jpg,6.820000171661377,5.748872756958008,-1.0711274147033691
cropped_images/images_crop_align_mtcnn/male/caucasian/taylor-8Vt2haq8NSQ-unsplash.jpg,6.813953399658203,5.747515678405762,-1.0664377212524414
cropped_images/images_crop_align_mtcnn/female/asian/vin-stratton-LkDICOYBYAg-unsplash.jpg,8.777777671813965,5.744851589202881,-3.032926082611084
cropped_images/images_crop_align_mtcnn/female/indian/pexels-tima-miroshnichenko-5988665.jpg,7.75,5.7362165451049805,-2.0137834548950195
cropped_images/images_crop_align_mtcnn/male/caucasian/diego-sanchez--1cYDFE5-Lo-unsplash.jpg,5.161290168762207,5.731026649475098,0.5697364807128906
cropped_images/images_crop_align_mtcnn/male/asian/pexels-satyabrata-das-6605720.jpg,5.0,5.728128433227539,0.7281284332275391
cropped_images/images_crop_align_mtcnn/male/black/timothy-barlin-2BJwlRZaR5M-unsplash.jpg,3.464052200317383,5.7249531745910645,2.2609009742736816
cropped_images/images_crop_align_mtcnn/female/caucasian/maria-lysenko-6ZbrDe3IjMg-unsplash.jpg,5.259259223937988,5.721175193786621,0.4619159698486328
cropped_images/images_crop_align_mtcnn/female/caucasian/julie-romaniuk-A2UMJQkXKJM-unsplash.jpg,8.350000381469727,5.721162796020508,-2.6288375854492188
cropped_images/images_crop_align_mtcnn/female/asian/joel-mott-Z8MesVFSYac-unsplash.jpg,6.480000019073486,5.711062431335449,-0.7689375877380371
cropped_images/images_crop_align_mtcnn/male/caucasian/logan-weaver-7z2KFFWQ7n0-unsplash.jpg,6.599999904632568,5.705178737640381,-0.8948211669921875
cropped_images/images_crop_align_mtcnn/male/hispanic/pexels-italo-melo-2379004.jpg,7.333333492279053,5.700984001159668,-1.6323494911193848
cropped_images/images_crop_align_mtcnn/male/caucasian/zoran-borojevic-f5xiGmFwXIU-unsplash.jpg,5.473958492279053,5.698550224304199,0.22459173202514648
cropped_images/images_crop_align_mtcnn/female/caucasian/amelia-barklid-q97o6P6_lMQ-unsplash.jpg,6.267857074737549,5.692779541015625,-0.5750775337219238
cropped_images/images_crop_align_mtcnn/female/black/ronise-da-luz-5DJ8sR-m58I-unsplash.jpg,7.75,5.691336631774902,-2.0586633682250977
cropped_images/images_crop_align_mtcnn/male/hispanic/mael-balland-uPgFSd7POhw-unsplash.jpg,4.285714149475098,5.6907057762146,1.404991626739502
cropped_images/images_crop_align_mtcnn/male/hispanic/alex-quezada-IqiGfsnI0Rk-unsplash.jpg,5.789473533630371,5.68696403503418,-0.1025094985961914
cropped_images/images_crop_align_mtcnn/male/black/brock-wegner-obKMefpXRE4-unsplash.jpg,6.0,5.682437896728516,-0.3175621032714844
cropped_images/images_crop_align_mtcnn/male/asian/bibek-thakuri-J_9xThkkGEM-unsplash.jpg,5.638157844543457,5.6821136474609375,0.04395580291748047
cropped_images/images_crop_align_mtcnn/male/caucasian/derick-mckinney-bBuUjB98PPY-unsplash.jpg,7.666666507720947,5.675063610076904,-1.991602897644043
cropped_images/images_crop_align_mtcnn/female/caucasian/taylor-deas-melesh-byRGjjO-Ync-unsplash.jpg,6.21999979019165,5.670982360839844,-0.5490174293518066
cropped_images/images_crop_align_mtcnn/male/asian/pexels-joen-nguyen-2599510.jpg,7.44444465637207,5.667457580566406,-1.776987075805664
cropped_images/images_crop_align_mtcnn/female/asian/yeo-khee-uZCY6vjHGmE-unsplash.jpg,6.111111164093018,5.667154788970947,-0.4439563751220703
cropped_images/images_crop_align_mtcnn/male/caucasian/derek-owens-YCbJCM249KE-unsplash.jpg,6.799479007720947,5.658434867858887,-1.1410441398620605
cropped_images/images_crop_align_mtcnn/male/caucasian/noah-blaine-clark-d8OX1jeN5Ac-unsplash.jpg,3.75,5.642915725708008,1.8929157257080078
cropped_images/images_crop_align_mtcnn/female/black/mehmet-turgut-kirkgoz-2rVzuyCowLI-unsplash.jpg,4.214285850524902,5.6418352127075195,1.4275493621826172
cropped_images/images_crop_align_mtcnn/male/caucasian/teenager-398355_1920.jpg,4.986666679382324,5.632112503051758,0.6454458236694336
cropped_images/images_crop_align_mtcnn/male/caucasian/man-838636_1920.jpg,5.634146213531494,5.628769397735596,-0.0053768157958984375
cropped_images/images_crop_align_mtcnn/female/caucasian/model-2670279_1920.jpg,6.413793087005615,5.625200271606445,-0.7885928153991699
cropped_images/images_crop_align_mtcnn/male/caucasian/yan-berthemy-0r5t7wKzem4-unsplash.jpg,5.416666507720947,5.620830059051514,0.2041635513305664
cropped_images/images_crop_align_mtcnn/male/caucasian/mysterious-4289694_1920.jpg,6.362500190734863,5.613010883331299,-0.7494893074035645
cropped_images/images_crop_align_mtcnn/female/black/jessica-felicio-F16KPYxfm6s-unsplash.jpg,5.583333492279053,5.611847877502441,0.028514385223388672
cropped_images/images_crop_align_mtcnn/male/caucasian/paolo-bendandi-D-8XODEIr_s-unsplash.jpg,5.551418304443359,5.601667881011963,0.050249576568603516
cropped_images/images_crop_align_mtcnn/male/caucasian/visuals-of-theodor-GXzUcBq9QAM-unsplash.jpg,7.213675022125244,5.601221084594727,-1.6124539375305176
cropped_images/images_crop_align_mtcnn/male/hispanic/refugee-1226610_1920.jpg,6.388157844543457,5.59398078918457,-0.7941770553588867
cropped_images/images_crop_align_mtcnn/female/caucasian/martin-guido-aYfyllIz-Xk-unsplash.jpg,6.307692527770996,5.590085983276367,-0.7176065444946289
cropped_images/images_crop_align_mtcnn/female/asian/woman-2690362_1920.jpg,4.724137783050537,5.570317268371582,0.8461794853210449
cropped_images/images_crop_align_mtcnn/male/caucasian/male-model-2807612_1920.jpg,4.553191661834717,5.5515241622924805,0.9983325004577637
cropped_images/images_crop_align_mtcnn/male/caucasian/portrait-2946213_1920.jpg,6.136752128601074,5.5383620262146,-0.5983901023864746
cropped_images/images_crop_align_mtcnn/male/caucasian/sara-dubler-dDE6naQBc2Q-unsplash.jpg,6.179166793823242,5.536579608917236,-0.6425871849060059
cropped_images/images_crop_align_mtcnn/male/black/zach-vessels-5ia9JBnlLp0-unsplash(1).jpg,5.488372325897217,5.535696983337402,0.04732465744018555
cropped_images/images_crop_align_mtcnn/male/caucasian/nate-J5U-22o1ubw-unsplash.jpg,7.114583492279053,5.535177707672119,-1.5794057846069336
cropped_images/images_crop_align_mtcnn/female/black/steward-masweneng-Ws4YEqBafus-unsplash.jpg,5.083333492279053,5.528470993041992,0.44513750076293945
cropped_images/images_crop_align_mtcnn/female/indian/woman-3105856_1920.jpg,4.0,5.515273094177246,1.515273094177246
cropped_images/images_crop_align_mtcnn/female/indian/32.jpg,6.973684310913086,5.515247821807861,-1.4584364891052246
cropped_images/images_crop_align_mtcnn/female/indian/swarnavo-chakrabarti-1s-7JQTdXY4-unsplash.jpg,6.0,5.513799667358398,-0.48620033264160156
cropped_images/images_crop_align_mtcnn/male/caucasian/fabio-lucas-LFqkME0ZlY8-unsplash.jpg,7.111111164093018,5.5113911628723145,-1.5997200012207031
cropped_images/images_crop_align_mtcnn/male/hispanic/jorge-salvador-iGzHMzRZjRs-unsplash.jpg,5.940476417541504,5.508145332336426,-0.4323310852050781
cropped_images/images_crop_align_mtcnn/female/black/wadi-lissa-PnCTTH_mmYg-unsplash.jpg,5.211538314819336,5.4855875968933105,0.2740492820739746
cropped_images/images_crop_align_mtcnn/male/asian/pexels-david-yu-3136182.jpg,5.44444465637207,5.4775919914245605,0.033147335052490234
cropped_images/images_crop_align_mtcnn/male/caucasian/bantersnaps-mtsb-bCvrBY-unsplash.jpg,5.166666507720947,5.472894668579102,0.3062281608581543
cropped_images/images_crop_align_mtcnn/male/caucasian/pexels-david-garrison-2128815.jpg,6.777777671813965,5.469206809997559,-1.3085708618164062
cropped_images/images_crop_align_mtcnn/female/black/clem-onojeghuo-FbTOrJ2G8KI-unsplash.jpg,5.438271522521973,5.468903064727783,0.030631542205810547
cropped_images/images_crop_align_mtcnn/male/hispanic/allef-vinicius-_5ZkuqGEIW0-unsplash.jpg,6.616279125213623,5.463324546813965,-1.1529545783996582
cropped_images/images_crop_align_mtcnn/male/black/pexels-natasha-lois-4689910.jpg,5.625,5.461217880249023,-0.16378211975097656
cropped_images/images_crop_align_mtcnn/male/caucasian/viktor-juric--10t7s-rYzE-unsplash.jpg,6.304964542388916,5.4608354568481445,-0.8441290855407715
cropped_images/images_crop_align_mtcnn/male/black/dominique-jordan-JSRmthCownc-unsplash.jpg,6.0,5.460782051086426,-0.5392179489135742
cropped_images/images_crop_align_mtcnn/male/caucasian/pexels-hamid-tajik-6273203.jpg,7.5,5.458364486694336,-2.041635513305664
cropped_images/images_crop_align_mtcnn/female/indian/youth-3983781_1920.jpg,5.896551609039307,5.449580192565918,-0.44697141647338867
cropped_images/images_crop_align_mtcnn/male/black/alekon-pictures-iaoYtl50cVk-unsplash.jpg,4.871951103210449,5.429940223693848,0.5579891204833984
cropped_images/images_crop_align_mtcnn/male/asian/ibuki-tsubo-xQOy5w4waCk-unsplash.jpg,6.666666507720947,5.427303314208984,-1.239363193511963
cropped_images/images_crop_align_mtcnn/female/caucasian/carlos-lindner-zvZ-HASOA74-unsplash.jpg,7.840000152587891,5.427278995513916,-2.4127211570739746
cropped_images/images_crop_align_mtcnn/male/caucasian/serhiy-hipskyy-Vilt9tibcLQ-unsplash.jpg,6.052631378173828,5.419262409210205,-0.633368968963623
cropped_images/images_crop_align_mtcnn/male/caucasian/young-man-1990618_1920.jpg,4.845911979675293,5.416415691375732,0.5705037117004395
cropped_images/images_crop_align_mtcnn/male/hispanic/marcos-paulo-prado-y6yrNx1MBEg-unsplash.jpg,5.2791666984558105,5.409363746643066,0.13019704818725586
cropped_images/images_crop_align_mtcnn/male/hispanic/brian-lundquist-IAWN962A4aA-unsplash.jpg,6.849593639373779,5.409029960632324,-1.440563678741455
cropped_images/images_crop_align_mtcnn/male/black/pexels-cottonbro-6616674.jpg,6.222222328186035,5.401412010192871,-0.8208103179931641
cropped_images/images_crop_align_mtcnn/female/asian/outdoors-3341719_1920.jpg,6.0,5.398345947265625,-0.601654052734375
cropped_images/images_crop_align_mtcnn/female/caucasian/woman-2635404_1920.jpg,3.655172348022461,5.396306037902832,1.741133689880371
cropped_images/images_crop_align_mtcnn/male/black/clem-onojeghuo-f1_w7Wrnabg-unsplash.jpg,4.476190567016602,5.389449119567871,0.9132585525512695
cropped_images/images_crop_align_mtcnn/male/black/osheen-turnbull-sU0IT6W8KaU-unsplash.jpg,5.476190567016602,5.387763977050781,-0.08842658996582031
cropped_images/images_crop_align_mtcnn/male/caucasian/youth-393656_1920.jpg,5.551020622253418,5.384947299957275,-0.16607332229614258
cropped_images/images_crop_align_mtcnn/male/caucasian/joel-barwick-r0l0Es5fbbs-unsplash.jpg,7.400900840759277,5.3676676750183105,-2.033233165740967
cropped_images/images_crop_align_mtcnn/male/asian/ali-yahya-155huuQwGvA-unsplash.jpg,6.636363506317139,5.361254692077637,-1.275108814239502
cropped_images/images_crop_align_mtcnn/male/black/oladimeji-odunsi-g8bZKBcGnaU-unsplash.jpg,6.0,5.35709285736084,-0.6429071426391602
cropped_images/images_crop_align_mtcnn/male/caucasian/julian-wan-cCvnG-937HE-unsplash.jpg,6.810457706451416,5.353293418884277,-1.4571642875671387
cropped_images/images_crop_align_mtcnn/male/caucasian/georgy-trofimov-rowvvDUAs5M-unsplash.jpg,5.363636493682861,5.349536895751953,-0.014099597930908203
cropped_images/images_crop_align_mtcnn/male/caucasian/headphones-4602763_1920.jpg,5.36413049697876,5.3449625968933105,-0.01916790008544922
cropped_images/images_crop_align_mtcnn/female/asian/kseniia-ilinykh-BHmKkfpwuuc-unsplash.jpg,5.222222328186035,5.344748020172119,0.12252569198608398
cropped_images/images_crop_align_mtcnn/male/asian/chelms-varthoumlien-yok4LRlBEEI-unsplash.jpg,5.858108043670654,5.342607021331787,-0.5155010223388672
cropped_images/images_crop_align_mtcnn/male/caucasian/pexels-rodrigo-souza-2531553.jpg,8.222222328186035,5.341005325317383,-2.8812170028686523
cropped_images/images_crop_align_mtcnn/female/indian/woman-5267153_1920.jpg,4.0,5.33512020111084,1.3351202011108398
cropped_images/images_crop_align_mtcnn/male/caucasian/guy9.jpg,7.904471397399902,5.329688549041748,-2.5747828483581543
cropped_images/images_crop_align_mtcnn/male/hispanic/jasper-garratt-jJjUdYDga7o-unsplash.jpg,4.698581695556641,5.308954238891602,0.6103725433349609
cropped_images/images_crop_align_mtcnn/male/caucasian/luiza-braun-VaXkho6CPx0-unsplash(1).jpg,5.2007575035095215,5.308315753936768,0.1075582504272461
cropped_images/images_crop_align_mtcnn/male/indian/keenan-constance-292Pth2Y5QM-unsplash.jpg,6.285714149475098,5.299620628356934,-0.9860935211181641
cropped_images/images_crop_align_mtcnn/male/caucasian/where-is-pykh-_3vfugHP3Ro-unsplash.jpg,5.067708492279053,5.298523902893066,0.23081541061401367
cropped_images/images_crop_align_mtcnn/female/caucasian/michael-mims-fWWiaDox0BU-unsplash.jpg,5.384615421295166,5.282775402069092,-0.10184001922607422
cropped_images/images_crop_align_mtcnn/male/hispanic/man-352563_1280.jpg,4.436507701873779,5.273777008056641,0.8372693061828613
cropped_images/images_crop_align_mtcnn/male/caucasian/jeremy-bishop-ctAsm_deVVk-unsplash.jpg,4.968085289001465,5.2631025314331055,0.2950172424316406
cropped_images/images_crop_align_mtcnn/male/black/pexels-rodney-gainous-jr-2719416.jpg,4.666666507720947,5.2630414962768555,0.5963749885559082
cropped_images/images_crop_align_mtcnn/male/hispanic/zulmaury-saavedra-Z9GKfYmWOAM-unsplash.jpg,4.5,5.248619079589844,0.7486190795898438
cropped_images/images_crop_align_mtcnn/male/caucasian/jake-oates-9gGTLP0QL1M-unsplash.jpg,5.350877285003662,5.236977577209473,-0.11389970779418945
cropped_images/images_crop_align_mtcnn/male/black/pexels-nappy-935969.jpg,5.888888835906982,5.235447406768799,-0.6534414291381836
cropped_images/images_crop_align_mtcnn/female/black/models-2158971_1920.jpg,3.931034564971924,5.232151508331299,1.301116943359375
cropped_images/images_crop_align_mtcnn/male/caucasian/dmitry-vechorko-E9PFbdhZmus-unsplash.jpg,6.117886066436768,5.220514297485352,-0.897371768951416
cropped_images/images_crop_align_mtcnn/male/caucasian/g_3.jpg,6.199999809265137,5.216076374053955,-0.9839234352111816
cropped_images/images_crop_align_mtcnn/male/caucasian/nick-linnen-BCQVNAUo_7Y-unsplash.jpg,6.210526466369629,5.21598482131958,-0.9945416450500488
cropped_images/images_crop_align_mtcnn/male/hispanic/clarisse-meyer-B9TzBwBVUpw-unsplash.jpg,6.761904716491699,5.213494300842285,-1.548410415649414
cropped_images/images_crop_align_mtcnn/female/hispanic/joe-milne-MuDYCc7EE_o-unsplash.jpg,7.083333492279053,5.204866409301758,-1.878467082977295
cropped_images/images_crop_align_mtcnn/female/black/lucas-lenzi-2RwB3AHphb4-unsplash.jpg,5.666666507720947,5.203906059265137,-0.46276044845581055
cropped_images/images_crop_align_mtcnn/male/asian/boy-4393262_1920.jpg,6.668518543243408,5.203791618347168,-1.4647269248962402
cropped_images/images_crop_align_mtcnn/male/caucasian/talen-de-st-croix-XzRhdAoNMa8-unsplash.jpg,6.25,5.202353477478027,-1.0476465225219727
cropped_images/images_crop_align_mtcnn/male/caucasian/140.jpg,4.948718070983887,5.191037178039551,0.24231910705566406
cropped_images/images_crop_align_mtcnn/female/caucasian/girl-1763686_1920.jpg,3.0,5.188694477081299,2.188694477081299
cropped_images/images_crop_align_mtcnn/male/caucasian/noble-mitchell-qZr1NKjcD0E-unsplash.jpg,5.5853657722473145,5.185020923614502,-0.4003448486328125
cropped_images/images_crop_align_mtcnn/male/black/elizeu-dias-2EGNqazbAMk-unsplash.jpg,5.852941036224365,5.180688381195068,-0.6722526550292969
cropped_images/images_crop_align_mtcnn/male/caucasian/winter-1937626_1920.jpg,5.989583492279053,5.178958415985107,-0.8106250762939453
cropped_images/images_crop_align_mtcnn/male/hispanic/antoine-da-cunha-r8AEmsxbf1A-unsplash.jpg,6.355902671813965,5.1693830490112305,-1.1865196228027344
cropped_images/images_crop_align_mtcnn/male/hispanic/jonas-kakaroto-KIPqvvTOC1s-unsplash.jpg,5.235507011413574,5.143877029418945,-0.0916299819946289
cropped_images/images_crop_align_mtcnn/female/asian/pexels-thunyarat-klaiklang-1814538.jpg,6.222222328186035,5.14252233505249,-1.079699993133545
cropped_images/images_crop_align_mtcnn/male/caucasian/steven-erixon-C1nxojDnNPo-unsplash.jpg,6.039999961853027,5.1380934715271,-0.9019064903259277
cropped_images/images_crop_align_mtcnn/male/black/pexels-cottonbro-6626360.jpg,3.777777671813965,5.134181022644043,1.3564033508300781
cropped_images/images_crop_align_mtcnn/female/caucasian/grimace-1012862_1920.jpg,5.8947367668151855,5.130678176879883,-0.7640585899353027
cropped_images/images_crop_align_mtcnn/male/black/keitravis-squire-0YgjYyptKlU-unsplash.jpg,5.550000190734863,5.1299543380737305,-0.4200458526611328
cropped_images/images_crop_align_mtcnn/male/hispanic/people-2583959_1920.jpg,6.5,5.103673458099365,-1.3963265419006348
cropped_images/images_crop_align_mtcnn/female/indian/yogendra-singh-Sx00bDu24_k-unsplash.jpg,6.259259223937988,5.100886344909668,-1.1583728790283203
cropped_images/images_crop_align_mtcnn/female/caucasian/elderly-1557141_1920.jpg,2.3333332538604736,5.097004413604736,2.7636711597442627
cropped_images/images_crop_align_mtcnn/female/caucasian/jose-pedro-ortiz-uwaVLojaY7w-unsplash.jpg,4.241379261016846,5.096944808959961,0.8555655479431152
cropped_images/images_crop_align_mtcnn/female/black/pexels-samson-katt-5256700.jpg,6.0,5.090989112854004,-0.9090108871459961
cropped_images/images_crop_align_mtcnn/female/black/people-3238357_1920.jpg,4.344827651977539,5.081185340881348,0.7363576889038086
cropped_images/images_crop_align_mtcnn/female/caucasian/beautiful-1867431_1920.jpg,5.464285850524902,5.077496528625488,-0.38678932189941406
cropped_images/images_crop_align_mtcnn/male/caucasian/jake-nebov-aFNzgYOM560-unsplash.jpg,3.7738094329833984,5.071389198303223,1.2975797653198242
cropped_images/images_crop_align_mtcnn/female/black/prince-akachi-LWkFHEGpleE-unsplash.jpg,6.3086419105529785,5.069632530212402,-1.2390093803405762
cropped_images/images_crop_align_mtcnn/male/hispanic/silviu-beniamin-tofan-NEkD-WSpkbU-unsplash.jpg,6.7272725105285645,5.069452285766602,-1.657820224761963
cropped_images/images_crop_align_mtcnn/male/black/pexels-blac-bear-3805873.jpg,2.8888888359069824,5.067171096801758,2.1782822608947754
cropped_images/images_crop_align_mtcnn/male/caucasian/man-945482_1920.jpg,6.885621070861816,5.052908420562744,-1.8327126502990723
cropped_images/images_crop_align_mtcnn/female/indian/sylvester-dsouza-LAprsXXH-Nc-unsplash.jpg,3.6842105388641357,5.0280046463012695,1.3437941074371338
cropped_images/images_crop_align_mtcnn/male/black/clem-onojeghuo-9y8HtS6Voi0-unsplash.jpg,4.75,5.008707523345947,0.25870752334594727
cropped_images/images_crop_align_mtcnn/female/caucasian/blake-barlow-7Ge4b_kcPLQ-unsplash.jpg,6.711538314819336,4.97556209564209,-1.735976219177246
cropped_images/images_crop_align_mtcnn/male/black/pexels-ryutaro-tsukata-6249088.jpg,5.222222328186035,4.97036600112915,-0.25185632705688477
cropped_images/images_crop_align_mtcnn/male/black/pexels-nappy-936119.jpg,6.0,4.969675540924072,-1.0303244590759277
cropped_images/images_crop_align_mtcnn/male/caucasian/jonathan-farber-QaAZ82Kspck-unsplash.jpg,4.277777671813965,4.952465057373047,0.674687385559082
cropped_images/images_crop_align_mtcnn/female/caucasian/camila-quintero-franco-8NDuYUjSMiY-unsplash.jpg,5.71999979019165,4.946968078613281,-0.7730317115783691
cropped_images/images_crop_align_mtcnn/male/asian/raphiell-alfaridzy-ME-7JcPzt80-unsplash.jpg,3.25,4.944312572479248,1.694312572479248
cropped_images/images_crop_align_mtcnn/male/black/pexels-kampus-production-5940858.jpg,2.875,4.941359519958496,2.066359519958496
cropped_images/images_crop_align_mtcnn/male/black/david-todd-mccarty-NXlQ2PnzMGg-unsplash.jpg,4.2480621337890625,4.93880558013916,0.6907434463500977
cropped_images/images_crop_align_mtcnn/female/caucasian/pexels-megan-markham-2448531.jpg,5.777777671813965,4.936403274536133,-0.841374397277832
cropped_images/images_crop_align_mtcnn/female/caucasian/anton-darius-NaV1BloVk0g-unsplash.jpg,3.174999952316284,4.92738151550293,1.7523815631866455
cropped_images/images_crop_align_mtcnn/female/asian/jasmin-chew-WUVozkQFLz0-unsplash.jpg,5.111111164093018,4.926758766174316,-0.18435239791870117
cropped_images/images_crop_align_mtcnn/female/caucasian/redheads-4606477_1920.jpg,4.1785712242126465,4.924709796905518,0.7461385726928711
cropped_images/images_crop_align_mtcnn/female/hispanic/alex-avalos-M1dTxJm6Lbo-unsplash.jpg,6.920000076293945,4.922342300415039,-1.9976577758789062
cropped_images/images_crop_align_mtcnn/male/black/pexels-kenex-media-sa-6573686.jpg,5.44444465637207,4.914819717407227,-0.5296249389648438
cropped_images/images_crop_align_mtcnn/female/black/pexels-shotpot-6337498.jpg,4.333333492279053,4.882717132568359,0.5493836402893066
cropped_images/images_crop_align_mtcnn/male/caucasian/mehmet-turgut-kirkgoz-GHks3u7dzcc-unsplash.jpg,6.093023300170898,4.877497673034668,-1.2155256271362305
cropped_images/images_crop_align_mtcnn/male/black/prince-akachi-s6tVlDVKz38-unsplash.jpg,5.8947367668151855,4.8692474365234375,-1.025489330291748
cropped_images/images_crop_align_mtcnn/male/black/black-professional-4334648_1920.jpg,4.843137264251709,4.867265701293945,0.024128437042236328
cropped_images/images_crop_align_mtcnn/male/black/fitness-465202_1920.jpg,4.809999942779541,4.857365608215332,0.047365665435791016
cropped_images/images_crop_align_mtcnn/female/asian/mongolia-4538999_1920.jpg,3.5999999046325684,4.835305690765381,1.2353057861328125
cropped_images/images_crop_align_mtcnn/male/indian/pratik-gupta-PeG9dqAbyjE-unsplash.jpg,4.5,4.815620422363281,0.31562042236328125
cropped_images/images_crop_align_mtcnn/male/black/man-4345079_1920.jpg,4.612179279327393,4.78134298324585,0.16916370391845703
cropped_images/images_crop_align_mtcnn/female/caucasian/mark-decile-Vcc8VFc3uCo-unsplash.jpg,8.199999809265137,4.770429611206055,-3.429570198059082
cropped_images/images_crop_align_mtcnn/male/caucasian/man-1161334_1920.jpg,3.934999942779541,4.769449234008789,0.834449291229248
cropped_images/images_crop_align_mtcnn/male/caucasian/angelo-abear-l1AXPSU_W9M-unsplash.jpg,3.2820513248443604,4.7586870193481445,1.4766356945037842
cropped_images/images_crop_align_mtcnn/male/caucasian/young-2807688_1920.jpg,4.877358436584473,4.755118370056152,-0.12224006652832031
cropped_images/images_crop_align_mtcnn/male/black/guy-615808_1920.jpg,5.054878234863281,4.745031356811523,-0.3098468780517578
cropped_images/images_crop_align_mtcnn/female/black/girl-1868930_1920.jpg,5.55555534362793,4.732193470001221,-0.823361873626709
cropped_images/images_crop_align_mtcnn/male/black/portrait-3275985_1920.jpg,5.50653600692749,4.717658042907715,-0.7888779640197754
cropped_images/images_crop_align_mtcnn/male/asian/teeth-977208_1920.jpg,4.69727897644043,4.702339172363281,0.0050601959228515625
cropped_images/images_crop_align_mtcnn/male/black/melodie-descoubes-o6siGr9lrwM-unsplash.jpg,4.37333345413208,4.701738357543945,0.32840490341186523
cropped_images/images_crop_align_mtcnn/male/black/beard-1834429_1920.jpg,4.781045913696289,4.6742634773254395,-0.10678243637084961
cropped_images/images_crop_align_mtcnn/male/asian/old-man-971889_1920.jpg,4.333333492279053,4.6729936599731445,0.3396601676940918
cropped_images/images_crop_align_mtcnn/female/black/oladimeji-odunsi-aU_eOcelLhQ-unsplash.jpg,5.0,4.671080589294434,-0.3289194107055664
cropped_images/images_crop_align_mtcnn/male/black/people-3247352_1920.jpg,3.672727346420288,4.649748802185059,0.9770214557647705
cropped_images/images_crop_align_mtcnn/male/caucasian/young-4549901_1920.jpg,5.113333225250244,4.631380081176758,-0.48195314407348633
cropped_images/images_crop_align_mtcnn/male/asian/career-451281_1920.jpg,5.0,4.585117340087891,-0.4148826599121094
cropped_images/images_crop_align_mtcnn/male/caucasian/carlos-macias-UWRTZRwPLyg-unsplash.jpg,3.7475178241729736,4.574378490447998,0.8268606662750244
cropped_images/images_crop_align_mtcnn/male/black/pexels-areous-ahmad-2122949.jpg,6.888888835906982,4.510570049285889,-2.3783187866210938
cropped_images/images_crop_align_mtcnn/female/black/engin-akyurt-lyh6c9MLdBY-unsplash.jpg,5.111111164093018,4.503154277801514,-0.6079568862915039
cropped_images/images_crop_align_mtcnn/male/black/pexels-rafael-freire-5714735.jpg,3.777777671813965,4.500225067138672,0.722447395324707
cropped_images/images_crop_align_mtcnn/male/asian/nathan-dumlao-woZEuvPV3to-unsplash.jpg,4.333333492279053,4.500221252441406,0.16688776016235352
cropped_images/images_crop_align_mtcnn/male/black/angry-boy-3740043_1920.jpg,4.083333492279053,4.482844352722168,0.39951086044311523
cropped_images/images_crop_align_mtcnn/male/black/streegar-bORAYzcoJ8A-unsplash.jpg,4.527777671813965,4.481293678283691,-0.04648399353027344
cropped_images/images_crop_align_mtcnn/male/black/khloe-arledge-nGkC7RhVzGU-unsplash.jpg,5.650000095367432,4.481236934661865,-1.1687631607055664
cropped_images/images_crop_align_mtcnn/male/black/man-984217_1920.jpg,2.987499952316284,4.446048736572266,1.4585487842559814
cropped_images/images_crop_align_mtcnn/male/hispanic/austrian-national-library-NiwBev0Fosk-unsplash.jpg,4.946078300476074,4.412863254547119,-0.5332150459289551
cropped_images/images_crop_align_mtcnn/female/caucasian/old-woman-4189578_1920.jpg,2.8888888359069824,4.368322372436523,1.479433536529541
cropped_images/images_crop_align_mtcnn/female/indian/pexels-nandhu-kumar-2703082.jpg,2.222222328186035,4.317857265472412,2.095634937286377
cropped_images/images_crop_align_mtcnn/male/black/man-4568762_1920.jpg,4.714285850524902,4.310122489929199,-0.4041633605957031
cropped_images/images_crop_align_mtcnn/male/black/belinda-fewings-ci0IbJuBsfg-unsplash.jpg,6.315891265869141,4.297255516052246,-2.0186357498168945
cropped_images/images_crop_align_mtcnn/male/black/guy6.jpg,4.846847057342529,4.291407585144043,-0.5554394721984863
cropped_images/images_crop_align_mtcnn/male/asian/raphiell-alfaridzy-jagYILIMvxw-unsplash.jpg,2.444444417953491,4.266068458557129,1.8216240406036377
cropped_images/images_crop_align_mtcnn/male/black/britain-eriksen-Qz_xqGsshWU-unsplash.jpg,5.777777671813965,4.249814987182617,-1.5279626846313477
cropped_images/images_crop_align_mtcnn/female/indian/anelale-najera--p_HZ1et98U-unsplash.jpg,3.0,4.194578170776367,1.1945781707763672
cropped_images/images_crop_align_mtcnn/male/black/marie-michele-bouchard-bEZQWH49daU-unsplash.jpg,4.736666679382324,4.19221830368042,-0.5444483757019043
cropped_images/images_crop_align_mtcnn/male/caucasian/james-barr-_U7YytlNunM-unsplash.jpg,5.2814812660217285,4.189455032348633,-1.0920262336730957
cropped_images/images_crop_align_mtcnn/male/caucasian/jalen-terry-QmWqxITdWbI-unsplash.jpg,4.199999809265137,4.088427543640137,-0.111572265625
cropped_images/images_crop_align_mtcnn/male/caucasian/portrait-2501866_1920.jpg,3.9248366355895996,4.017634868621826,0.09279823303222656
cropped_images/images_crop_align_mtcnn/female/caucasian/manny-moreno-jeAW5LRuNts-unsplash.jpg,4.111111164093018,3.9578042030334473,-0.1533069610595703
cropped_images/images_crop_align_mtcnn/male/black/filipp-romanovskij-H4q-AEA02rY-unsplash.jpg,3.0,3.9413745403289795,0.9413745403289795
cropped_images/images_crop_align_mtcnn/male/black/steward-masweneng-IvaGYGAX3jI-unsplash.jpg,3.3499999046325684,3.7109899520874023,0.360990047454834
cropped_images/images_crop_align_mtcnn/female/indian/ursula-spaulding-_B_UiKIAo20-unsplash.jpg,2.814814805984497,2.974763870239258,0.15994906425476074
